pdb_id,chain,resi,resname,sasa_assembly
9CK6,A,9,GLY,72.89
9CK6,A,10,TYR,56.93
9CK6,A,11,GLU,63.35
9CK6,A,12,VAL,4.03
9CK6,A,13,HIS,19.54
9CK6,A,14,HIS,80.63
9CK6,A,15,GLN,20.32
9CK6,A,16,LYS,81.19
9CK6,A,17,LEU,9.16
9CK6,A,18,VAL,4.91
9CK6,A,19,PHE,0.36
9CK6,A,20,PHE,2.36
9CK6,A,21,ALA,27.86
9CK6,A,22,GLU,59.37
9CK6,A,23,ASP,57.07
9CK6,A,24,VAL,1.8
9CK6,A,25,GLY,26.61
9CK6,A,26,SER,58.77
9CK6,A,27,ASN,1.57
9CK6,A,28,LYS,100.37
9CK6,A,29,GLY,0.38
9CK6,A,30,ALA,0.59
9CK6,A,31,ILE,0.13
9CK6,A,32,ILE,0.75
9CK6,A,33,GLY,0.25
9CK6,A,34,LEU,0.0
9CK6,A,35,MET,0.0
9CK6,A,36,VAL,0.0
9CK6,A,37,GLY,4.15
9CK6,A,38,GLY,15.67
9CK6,A,39,VAL,1.75
9CK6,A,40,VAL,0.13
9CK6,A,41,ILE,7.93
9CK6,A,42,ALA,35.59
9CK6,B,9,GLY,69.32
9CK6,B,10,TYR,54.52
9CK6,B,11,GLU,61.29
9CK6,B,12,VAL,3.77
9CK6,B,13,HIS,18.57
9CK6,B,14,HIS,77.94
9CK6,B,15,GLN,19.09
9CK6,B,16,LYS,79.67
9CK6,B,17,LEU,8.53
9CK6,B,18,VAL,4.4
9CK6,B,19,PHE,0.38
9CK6,B,20,PHE,1.64
9CK6,B,21,ALA,26.74
9CK6,B,22,GLU,58.34
9CK6,B,23,ASP,56.54
9CK6,B,24,VAL,1.69
9CK6,B,25,GLY,26.3
9CK6,B,26,SER,57.94
9CK6,B,27,ASN,0.7
9CK6,B,28,LYS,100.27
9CK6,B,29,GLY,0.13
9CK6,B,30,ALA,0.6
9CK6,B,31,ILE,0.13
9CK6,B,32,ILE,0.75
9CK6,B,33,GLY,0.13
9CK6,B,34,LEU,0.0
9CK6,B,35,MET,0.0
9CK6,B,36,VAL,0.0
9CK6,B,37,GLY,4.03
9CK6,B,38,GLY,14.92
9CK6,B,39,VAL,1.38
9CK6,B,40,VAL,0.13
9CK6,B,41,ILE,6.04
9CK6,B,42,ALA,35.16
9CK6,C,9,GLY,70.73
9CK6,C,10,TYR,60.46
9CK6,C,11,GLU,61.85
9CK6,C,12,VAL,3.64
9CK6,C,13,HIS,18.29
9CK6,C,14,HIS,77.47
9CK6,C,15,GLN,20.18
9CK6,C,16,LYS,79.12
9CK6,C,17,LEU,9.14
9CK6,C,18,VAL,4.28
9CK6,C,19,PHE,0.24
9CK6,C,20,PHE,1.84
9CK6,C,21,ALA,26.61
9CK6,C,22,GLU,58.45
9CK6,C,23,ASP,57.24
9CK6,C,24,VAL,1.94
9CK6,C,25,GLY,26.86
9CK6,C,26,SER,57.04
9CK6,C,27,ASN,1.43
9CK6,C,28,LYS,100.7
9CK6,C,29,GLY,0.0
9CK6,C,30,ALA,0.7
9CK6,C,31,ILE,0.0
9CK6,C,32,ILE,0.75
9CK6,C,33,GLY,0.25
9CK6,C,34,LEU,0.0
9CK6,C,35,MET,0.0
9CK6,C,36,VAL,0.0
9CK6,C,37,GLY,4.15
9CK6,C,38,GLY,14.92
9CK6,C,39,VAL,1.26
9CK6,C,40,VAL,0.38
9CK6,C,41,ILE,2.26
9CK6,C,42,ALA,35.27
9CK6,D,9,GLY,83.11
9CK6,D,10,TYR,123.39
9CK6,D,11,GLU,98.1
9CK6,D,12,VAL,44.95
9CK6,D,13,HIS,46.37
9CK6,D,14,HIS,125.99
9CK6,D,15,GLN,67.4
9CK6,D,16,LYS,115.71
9CK6,D,17,LEU,59.32
9CK6,D,18,VAL,27.93
9CK6,D,19,PHE,49.36
9CK6,D,20,PHE,53.64
9CK6,D,21,ALA,49.24
9CK6,D,22,GLU,84.0
9CK6,D,23,ASP,107.34
9CK6,D,24,VAL,65.28
9CK6,D,25,GLY,34.98
9CK6,D,26,SER,90.69
9CK6,D,27,ASN,66.14
9CK6,D,28,LYS,159.29
9CK6,D,29,GLY,29.98
9CK6,D,30,ALA,22.35
9CK6,D,31,ILE,49.89
9CK6,D,32,ILE,43.27
9CK6,D,33,GLY,21.85
9CK6,D,34,LEU,72.87
9CK6,D,35,MET,14.21
9CK6,D,36,VAL,89.4
9CK6,D,37,GLY,26.16
9CK6,D,38,GLY,48.33
9CK6,D,39,VAL,101.32
9CK6,D,40,VAL,12.58
9CK6,D,41,ILE,123.04
9CK6,D,42,ALA,60.24
9CK6,E,9,GLY,85.4
9CK6,E,10,TYR,126.9
9CK6,E,11,GLU,97.86
9CK6,E,12,VAL,46.74
9CK6,E,13,HIS,47.87
9CK6,E,14,HIS,125.46
9CK6,E,15,GLN,67.01
9CK6,E,16,LYS,117.31
9CK6,E,17,LEU,59.03
9CK6,E,18,VAL,28.18
9CK6,E,19,PHE,45.92
9CK6,E,20,PHE,53.86
9CK6,E,21,ALA,48.78
9CK6,E,22,GLU,81.77
9CK6,E,23,ASP,107.52
9CK6,E,24,VAL,65.33
9CK6,E,25,GLY,33.81
9CK6,E,26,SER,89.3
9CK6,E,27,ASN,65.84
9CK6,E,28,LYS,156.25
9CK6,E,29,GLY,29.73
9CK6,E,30,ALA,22.87
9CK6,E,31,ILE,49.16
9CK6,E,32,ILE,43.4
9CK6,E,33,GLY,21.25
9CK6,E,34,LEU,49.4
9CK6,E,35,MET,14.32
9CK6,E,36,VAL,49.41
9CK6,E,37,GLY,13.5
9CK6,E,38,GLY,48.3
9CK6,E,39,VAL,77.06
9CK6,E,40,VAL,12.71
9CK6,E,41,ILE,116.09
9CK6,E,42,ALA,59.52
9CK6,F,9,GLY,70.72
9CK6,F,10,TYR,62.96
9CK6,F,11,GLU,61.79
9CK6,F,12,VAL,4.01
9CK6,F,13,HIS,19.18
9CK6,F,14,HIS,78.79
9CK6,F,15,GLN,19.59
9CK6,F,16,LYS,78.8
9CK6,F,17,LEU,8.9
9CK6,F,18,VAL,4.15
9CK6,F,19,PHE,0.38
9CK6,F,20,PHE,2.64
9CK6,F,21,ALA,26.95
9CK6,F,22,GLU,59.36
9CK6,F,23,ASP,56.53
9CK6,F,24,VAL,1.23
9CK6,F,25,GLY,26.25
9CK6,F,26,SER,58.19
9CK6,F,27,ASN,1.58
9CK6,F,28,LYS,100.38
9CK6,F,29,GLY,0.0
9CK6,F,30,ALA,0.92
9CK6,F,31,ILE,0.25
9CK6,F,32,ILE,0.75
9CK6,F,33,GLY,0.13
9CK6,F,34,LEU,0.0
9CK6,F,35,MET,0.0
9CK6,F,36,VAL,0.0
9CK6,F,37,GLY,4.53
9CK6,F,38,GLY,15.33
9CK6,F,39,VAL,1.62
9CK6,F,40,VAL,0.38
9CK6,F,41,ILE,2.89
9CK6,F,42,ALA,36.71
9CK6,G,9,GLY,72.62
9CK6,G,10,TYR,100.29
9CK6,G,11,GLU,61.85
9CK6,G,12,VAL,23.51
9CK6,G,13,HIS,19.44
9CK6,G,14,HIS,80.07
9CK6,G,15,GLN,36.36
9CK6,G,16,LYS,79.97
9CK6,G,17,LEU,17.96
9CK6,G,18,VAL,4.28
9CK6,G,19,PHE,0.36
9CK6,G,20,PHE,2.39
9CK6,G,21,ALA,26.94
9CK6,G,22,GLU,59.39
9CK6,G,23,ASP,56.64
9CK6,G,24,VAL,1.09
9CK6,G,25,GLY,26.48
9CK6,G,26,SER,58.5
9CK6,G,27,ASN,1.2
9CK6,G,28,LYS,100.28
9CK6,G,29,GLY,0.25
9CK6,G,30,ALA,0.46
9CK6,G,31,ILE,0.13
9CK6,G,32,ILE,0.75
9CK6,G,33,GLY,0.13
9CK6,G,34,LEU,0.0
9CK6,G,35,MET,0.0
9CK6,G,36,VAL,0.0
9CK6,G,37,GLY,4.53
9CK6,G,38,GLY,15.13
9CK6,G,39,VAL,1.26
9CK6,G,40,VAL,0.38
9CK6,G,41,ILE,2.64
9CK6,G,42,ALA,35.61
9CK6,H,9,GLY,106.82
9CK6,H,10,TYR,143.07
9CK6,H,11,GLU,109.88
9CK6,H,12,VAL,38.72
9CK6,H,13,HIS,73.66
9CK6,H,14,HIS,125.81
9CK6,H,15,GLN,83.24
9CK6,H,16,LYS,143.4
9CK6,H,17,LEU,51.29
9CK6,H,18,VAL,53.74
9CK6,H,19,PHE,61.74
9CK6,H,20,PHE,57.71
9CK6,H,21,ALA,60.41
9CK6,H,22,GLU,120.87
9CK6,H,23,ASP,96.68
9CK6,H,24,VAL,17.79
9CK6,H,25,GLY,56.16
9CK6,H,26,SER,83.95
9CK6,H,27,ASN,16.66
9CK6,H,28,LYS,142.27
9CK6,H,29,GLY,20.55
9CK6,H,30,ALA,33.18
9CK6,H,31,ILE,37.99
9CK6,H,32,ILE,35.98
9CK6,H,33,GLY,22.57
9CK6,H,34,LEU,20.88
9CK6,H,35,MET,81.78
9CK6,H,36,VAL,9.18
9CK6,H,37,GLY,23.61
9CK6,H,38,GLY,33.26
9CK6,H,39,VAL,16.09
9CK6,H,40,VAL,56.29
9CK6,H,41,ILE,19.25
9CK6,H,42,ALA,109.43
9CK6,I,9,GLY,108.85
9CK6,I,10,TYR,145.33
9CK6,I,11,GLU,111.96
9CK6,I,12,VAL,65.4
9CK6,I,13,HIS,73.48
9CK6,I,14,HIS,127.76
9CK6,I,15,GLN,86.27
9CK6,I,16,LYS,144.21
9CK6,I,17,LEU,83.49
9CK6,I,18,VAL,54.26
9CK6,I,19,PHE,71.87
9CK6,I,20,PHE,56.73
9CK6,I,21,ALA,60.29
9CK6,I,22,GLU,121.27
9CK6,I,23,ASP,97.89
9CK6,I,24,VAL,17.75
9CK6,I,25,GLY,56.52
9CK6,I,26,SER,82.25
9CK6,I,27,ASN,15.56
9CK6,I,28,LYS,142.4
9CK6,I,29,GLY,20.78
9CK6,I,30,ALA,33.38
9CK6,I,31,ILE,38.49
9CK6,I,32,ILE,36.33
9CK6,I,33,GLY,22.35
9CK6,I,34,LEU,42.77
9CK6,I,35,MET,82.39
9CK6,I,36,VAL,24.91
9CK6,I,37,GLY,23.72
9CK6,I,38,GLY,33.16
9CK6,I,39,VAL,15.47
9CK6,I,40,VAL,55.94
9CK6,I,41,ILE,18.62
9CK6,I,42,ALA,109.88
9CK6,R,9,GLY,68.98
9CK6,R,10,TYR,53.83
9CK6,R,11,GLU,59.49
9CK6,R,12,VAL,3.76
9CK6,R,13,HIS,18.43
9CK6,R,14,HIS,76.5
9CK6,R,15,GLN,19.61
9CK6,R,16,LYS,79.63
9CK6,R,17,LEU,8.88
9CK6,R,18,VAL,4.53
9CK6,R,19,PHE,0.36
9CK6,R,20,PHE,2.01
9CK6,R,21,ALA,27.47
9CK6,R,22,GLU,60.27
9CK6,R,23,ASP,57.77
9CK6,R,24,VAL,2.03
9CK6,R,25,GLY,26.86
9CK6,R,26,SER,61.12
9CK6,R,27,ASN,2.06
9CK6,R,28,LYS,103.11
9CK6,R,29,GLY,0.25
9CK6,R,30,ALA,0.59
9CK6,R,31,ILE,0.13
9CK6,R,32,ILE,0.75
9CK6,R,33,GLY,0.13
9CK6,R,34,LEU,0.0
9CK6,R,35,MET,0.0
9CK6,R,36,VAL,3.31
9CK6,R,37,GLY,7.3
9CK6,R,38,GLY,20.22
9CK6,R,39,VAL,22.39
9CK6,R,40,VAL,0.25
9CK6,R,41,ILE,49.06
9CK6,R,42,ALA,43.77
