pdb_id,chain,resi,resname,sasa_assembly,sasa_alone_refchain,burial_ratio,classification
9CKI,A,10,TYR,63.45,222.21,0.286,EXPOSED
9CKI,A,11,GLU,66.38,147.96,0.449,EXPOSED
9CKI,A,13,HIS,18.9,101.9,0.185,BURIED
9CKI,A,14,HIS,79.47,174.54,0.455,EXPOSED
9CKI,A,15,GLN,19.06,136.88,0.139,BURIED
9CKI,A,16,LYS,81.24,179.45,0.453,EXPOSED
9CKI,A,19,PHE,0.25,125.61,0.002,BURIED
9CKI,A,20,PHE,2.61,111.16,0.024,BURIED
9CKI,A,22,GLU,55.44,138.77,0.4,EXPOSED
9CKI,B,10,TYR,60.32,222.21,0.271,EXPOSED
9CKI,B,11,GLU,63.62,147.96,0.43,EXPOSED
9CKI,B,13,HIS,17.93,101.9,0.176,BURIED
9CKI,B,14,HIS,76.58,174.54,0.439,EXPOSED
9CKI,B,15,GLN,18.47,136.88,0.135,BURIED
9CKI,B,16,LYS,79.14,179.45,0.441,EXPOSED
9CKI,B,19,PHE,0.13,125.61,0.001,BURIED
9CKI,B,20,PHE,2.14,111.16,0.019,BURIED
9CKI,B,22,GLU,54.99,138.77,0.396,EXPOSED
9CKI,C,10,TYR,65.01,222.21,0.293,EXPOSED
9CKI,C,11,GLU,63.98,147.96,0.432,EXPOSED
9CKI,C,13,HIS,17.82,101.9,0.175,BURIED
9CKI,C,14,HIS,75.15,174.54,0.431,EXPOSED
9CKI,C,15,GLN,19.31,136.88,0.141,BURIED
9CKI,C,16,LYS,79.34,179.45,0.442,EXPOSED
9CKI,C,19,PHE,0.13,125.61,0.001,BURIED
9CKI,C,20,PHE,2.35,111.16,0.021,BURIED
9CKI,C,22,GLU,53.8,138.77,0.388,EXPOSED
9CKI,D,10,TYR,129.4,222.21,0.582,EXPOSED
9CKI,D,11,GLU,99.07,147.96,0.67,EXPOSED
9CKI,D,13,HIS,44.07,101.9,0.432,EXPOSED
9CKI,D,14,HIS,127.35,174.54,0.73,EXPOSED
9CKI,D,15,GLN,66.63,136.88,0.487,EXPOSED
9CKI,D,16,LYS,116.45,179.45,0.649,EXPOSED
9CKI,D,19,PHE,48.85,125.61,0.389,EXPOSED
9CKI,D,20,PHE,54.3,111.16,0.488,EXPOSED
9CKI,D,22,GLU,81.64,138.77,0.588,EXPOSED
9CKI,E,10,TYR,132.76,222.21,0.597,EXPOSED
9CKI,E,11,GLU,100.86,147.96,0.682,EXPOSED
9CKI,E,13,HIS,43.95,101.9,0.431,EXPOSED
9CKI,E,14,HIS,125.72,174.54,0.72,EXPOSED
9CKI,E,15,GLN,67.24,136.88,0.491,EXPOSED
9CKI,E,16,LYS,116.17,179.45,0.647,EXPOSED
9CKI,E,19,PHE,43.6,125.61,0.347,EXPOSED
9CKI,E,20,PHE,54.09,111.16,0.487,EXPOSED
9CKI,E,22,GLU,82.16,138.77,0.592,EXPOSED
9CKI,F,10,TYR,65.99,222.21,0.297,EXPOSED
9CKI,F,11,GLU,63.54,147.96,0.429,EXPOSED
9CKI,F,13,HIS,18.42,101.9,0.181,BURIED
9CKI,F,14,HIS,75.86,174.54,0.435,EXPOSED
9CKI,F,15,GLN,18.96,136.88,0.139,BURIED
9CKI,F,16,LYS,79.19,179.45,0.441,EXPOSED
9CKI,F,19,PHE,0.25,125.61,0.002,BURIED
9CKI,F,20,PHE,2.77,111.16,0.025,BURIED
9CKI,F,22,GLU,54.2,138.77,0.391,EXPOSED
9CKI,G,10,TYR,101.54,222.21,0.457,EXPOSED
9CKI,G,11,GLU,64.94,147.96,0.439,EXPOSED
9CKI,G,13,HIS,18.67,101.9,0.183,BURIED
9CKI,G,14,HIS,77.67,174.54,0.445,EXPOSED
9CKI,G,15,GLN,35.78,136.88,0.261,PARTIAL
9CKI,G,16,LYS,81.1,179.45,0.452,EXPOSED
9CKI,G,19,PHE,0.13,125.61,0.001,BURIED
9CKI,G,20,PHE,2.26,111.16,0.02,BURIED
9CKI,G,22,GLU,55.01,138.77,0.396,EXPOSED
9CKI,H,10,TYR,141.86,222.21,0.638,EXPOSED
9CKI,H,11,GLU,111.3,147.96,0.752,EXPOSED
9CKI,H,13,HIS,75.79,101.9,0.744,EXPOSED
9CKI,H,14,HIS,124.57,174.54,0.714,EXPOSED
9CKI,H,15,GLN,82.66,136.88,0.604,EXPOSED
9CKI,H,16,LYS,144.86,179.45,0.807,EXPOSED
9CKI,H,19,PHE,65.2,125.61,0.519,EXPOSED
9CKI,H,20,PHE,60.1,111.16,0.541,EXPOSED
9CKI,H,22,GLU,113.93,138.77,0.821,EXPOSED
9CKI,I,10,TYR,145.52,222.21,0.655,EXPOSED
9CKI,I,11,GLU,113.54,147.96,0.767,EXPOSED
9CKI,I,13,HIS,75.6,101.9,0.742,EXPOSED
9CKI,I,14,HIS,125.92,174.54,0.721,EXPOSED
9CKI,I,15,GLN,87.5,136.88,0.639,EXPOSED
9CKI,I,16,LYS,145.87,179.45,0.813,EXPOSED
9CKI,I,19,PHE,76.54,125.61,0.609,EXPOSED
9CKI,I,20,PHE,60.0,111.16,0.54,EXPOSED
9CKI,I,22,GLU,113.85,138.77,0.82,EXPOSED
9CKI,J,10,TYR,57.85,222.21,0.26,EXPOSED
9CKI,J,11,GLU,62.26,147.96,0.421,EXPOSED
9CKI,J,13,HIS,17.56,101.9,0.172,BURIED
9CKI,J,14,HIS,75.4,174.54,0.432,EXPOSED
9CKI,J,15,GLN,18.38,136.88,0.134,BURIED
9CKI,J,16,LYS,81.61,179.45,0.455,EXPOSED
9CKI,J,19,PHE,0.38,125.61,0.003,BURIED
9CKI,J,20,PHE,2.52,111.16,0.023,BURIED
9CKI,J,22,GLU,55.31,138.77,0.399,EXPOSED
