chain_i,chain_j,buried_i,buried_j,interface_BSA
D,F,1325.9,1344.5,2670.4
A,C,1325.9,1342.0,2667.9
E,G,1325.8,1340.6,2666.4
H,J,1326.1,1338.1,2664.1
F,H,1324.6,1338.7,2663.3
C,E,1319.8,1339.6,2659.3
B,D,1323.7,1330.9,2654.6
G,I,1322.4,1328.1,2650.5
E,H,117.1,131.7,248.8
A,D,115.5,132.2,247.7
G,J,116.0,131.7,247.7
D,G,115.0,132.1,247.1
B,E,114.8,131.7,246.5
F,I,115.8,130.8,246.5
C,F,115.7,129.5,245.2
D,E,123.6,116.2,239.8
E,F,124.1,115.5,239.6
F,G,123.7,113.4,237.1
H,I,122.4,114.4,236.8
B,C,122.3,114.4,236.7
I,J,122.3,114.2,236.5
G,H,122.5,113.5,236.0
A,B,123.2,112.7,236.0
C,D,122.1,113.6,235.7
D,I,112.1,115.9,228.0
C,H,111.6,115.0,226.6
E,J,111.4,115.1,226.5
B,G,110.1,114.4,224.5
A,F,109.9,113.6,223.5
B,I,28.2,29.4,57.5
A,H,28.6,28.7,57.3
C,J,27.7,29.0,56.7
B,H,0.0,0.0,0.0
E,I,0.0,0.0,0.0
B,J,0.0,0.0,0.0
D,J,0.0,0.0,0.0
B,F,0.0,0.0,0.0
A,J,0.0,0.0,0.0
F,J,0.0,0.0,0.0
A,I,0.0,0.0,0.0
D,H,0.0,0.0,0.0
A,G,0.0,0.0,0.0
C,G,0.0,0.0,0.0
A,E,0.0,0.0,0.0
C,I,0.0,0.0,0.0
