resi,resn,SASA_A,SASA_J,abs_delta
41,ILE,24.28,128.5,104.22
39,VAL,14.72,103.47,88.75
36,VAL,20.38,97.21,76.83
35,MET,88.49,11.97,76.52
24,VAL,15.99,73.19,57.2
42,ALA,106.62,51.07,55.55
27,ASN,16.48,64.71,48.23
38,GLY,9.5,49.76,40.26
13,HIS,90.81,51.64,39.17
15,GLN,96.25,60.02,36.23
22,GLU,115.68,81.18,34.5
19,PHE,77.44,44.1,33.34
40,VAL,51.37,19.12,32.25
16,LYS,126.79,96.28,30.51
34,LEU,45.54,73.14,27.6
25,GLY,55.41,28.21,27.2
17,LEU,83.02,56.36,26.66
18,VAL,56.02,33.84,22.18
9,GLY,107.4,87.58,19.82
10,TYR,145.74,126.32,19.42
31,ILE,32.83,50.15,17.32
11,GLU,105.28,89.63,15.65
21,ALA,62.43,47.59,14.84
12,VAL,66.14,51.37,14.77
28,LYS,126.16,139.03,12.87
30,ALA,32.85,20.94,11.91
26,SER,70.45,81.06,10.61
33,GLY,16.42,26.17,9.75
20,PHE,60.76,52.76,8.0
37,GLY,17.36,23.99,6.63
23,ASP,93.99,91.94,2.05
29,GLY,18.11,19.47,1.36
32,ILE,35.88,37.24,1.36
14,HIS,126.73,126.58,0.15
