design_id	target_pdb	cluster	status
ab42_l60_s103118_mpnn17	9CO4	narval	pending
ab42_l60_s103118_mpnn17	9CKI	narval	pending
ab42_l60_s103118_mpnn17	9CK6	narval	pending
ab42_l60_s103118_mpnn17	7Q4B	narval	pending
ab42_l60_s103118_mpnn17	7Q4M	narval	pending
ab42_l60_s103118_mpnn17	6SHS	narval	pending
ab42_l60_s103118_mpnn17	1IYT	narval	pending
ab42_l60_s103118_mpnn17	Ab40_monomer	narval	pending
ab42_l60_s837308_mpnn3	9CO4	narval	pending
ab42_l60_s837308_mpnn3	9CKI	narval	pending
ab42_l60_s837308_mpnn3	9CK6	narval	pending
ab42_l60_s837308_mpnn3	7Q4B	narval	pending
ab42_l60_s837308_mpnn3	7Q4M	narval	pending
ab42_l60_s837308_mpnn3	6SHS	narval	pending
ab42_l60_s837308_mpnn3	1IYT	narval	pending
ab42_l60_s837308_mpnn3	Ab40_monomer	narval	pending
ab42_l60_s837308_mpnn6	9CO4	narval	pending
ab42_l60_s837308_mpnn6	9CKI	narval	pending
ab42_l60_s837308_mpnn6	9CK6	narval	pending
ab42_l60_s837308_mpnn6	7Q4B	narval	pending
ab42_l60_s837308_mpnn6	7Q4M	narval	pending
ab42_l60_s837308_mpnn6	6SHS	narval	pending
ab42_l60_s837308_mpnn6	1IYT	narval	pending
ab42_l60_s837308_mpnn6	Ab40_monomer	narval	pending
ab42_l61_s766115_mpnn9	9CO4	narval	pending
ab42_l61_s766115_mpnn9	9CKI	narval	pending
ab42_l61_s766115_mpnn9	9CK6	narval	pending
ab42_l61_s766115_mpnn9	7Q4B	narval	pending
ab42_l61_s766115_mpnn9	7Q4M	narval	pending
ab42_l61_s766115_mpnn9	6SHS	narval	pending
ab42_l61_s766115_mpnn9	1IYT	narval	pending
ab42_l61_s766115_mpnn9	Ab40_monomer	narval	pending
ab42_l62_s95406_mpnn2	9CO4	narval	pending
ab42_l62_s95406_mpnn2	9CKI	narval	pending
ab42_l62_s95406_mpnn2	9CK6	narval	pending
ab42_l62_s95406_mpnn2	7Q4B	narval	pending
ab42_l62_s95406_mpnn2	7Q4M	narval	pending
ab42_l62_s95406_mpnn2	6SHS	narval	pending
ab42_l62_s95406_mpnn2	1IYT	narval	pending
ab42_l62_s95406_mpnn2	Ab40_monomer	narval	pending
ab42_l63_s289797_mpnn2	9CO4	narval	pending
ab42_l63_s289797_mpnn2	9CKI	narval	pending
ab42_l63_s289797_mpnn2	9CK6	narval	pending
ab42_l63_s289797_mpnn2	7Q4B	narval	pending
ab42_l63_s289797_mpnn2	7Q4M	narval	pending
ab42_l63_s289797_mpnn2	6SHS	narval	pending
ab42_l63_s289797_mpnn2	1IYT	narval	pending
ab42_l63_s289797_mpnn2	Ab40_monomer	narval	pending
ab42_l63_s289797_mpnn5	9CO4	narval	pending
ab42_l63_s289797_mpnn5	9CKI	narval	pending
ab42_l63_s289797_mpnn5	9CK6	narval	pending
ab42_l63_s289797_mpnn5	7Q4B	narval	pending
ab42_l63_s289797_mpnn5	7Q4M	narval	pending
ab42_l63_s289797_mpnn5	6SHS	narval	pending
ab42_l63_s289797_mpnn5	1IYT	narval	pending
ab42_l63_s289797_mpnn5	Ab40_monomer	narval	pending
ab42_l63_s794643_mpnn1	9CO4	narval	pending
ab42_l63_s794643_mpnn1	9CKI	narval	pending
ab42_l63_s794643_mpnn1	9CK6	narval	pending
ab42_l63_s794643_mpnn1	7Q4B	narval	pending
ab42_l63_s794643_mpnn1	7Q4M	narval	pending
ab42_l63_s794643_mpnn1	6SHS	narval	pending
ab42_l63_s794643_mpnn1	1IYT	narval	pending
ab42_l63_s794643_mpnn1	Ab40_monomer	narval	pending
ab42_l63_s794643_mpnn3	9CO4	narval	pending
ab42_l63_s794643_mpnn3	9CKI	narval	pending
ab42_l63_s794643_mpnn3	9CK6	narval	pending
ab42_l63_s794643_mpnn3	7Q4B	narval	pending
ab42_l63_s794643_mpnn3	7Q4M	narval	pending
ab42_l63_s794643_mpnn3	6SHS	narval	pending
ab42_l63_s794643_mpnn3	1IYT	narval	pending
ab42_l63_s794643_mpnn3	Ab40_monomer	narval	pending
ab42_l65_s496499_mpnn3	9CO4	narval	pending
ab42_l65_s496499_mpnn3	9CKI	narval	pending
ab42_l65_s496499_mpnn3	9CK6	narval	pending
ab42_l65_s496499_mpnn3	7Q4B	narval	pending
ab42_l65_s496499_mpnn3	7Q4M	narval	pending
ab42_l65_s496499_mpnn3	6SHS	narval	pending
ab42_l65_s496499_mpnn3	1IYT	narval	pending
ab42_l65_s496499_mpnn3	Ab40_monomer	narval	pending
ab42_l67_s707813_mpnn1	9CO4	narval	pending
ab42_l67_s707813_mpnn1	9CKI	narval	pending
ab42_l67_s707813_mpnn1	9CK6	narval	pending
ab42_l67_s707813_mpnn1	7Q4B	narval	pending
ab42_l67_s707813_mpnn1	7Q4M	narval	pending
ab42_l67_s707813_mpnn1	6SHS	narval	pending
ab42_l67_s707813_mpnn1	1IYT	narval	pending
ab42_l67_s707813_mpnn1	Ab40_monomer	narval	pending
ab42_l67_s707813_mpnn2	9CO4	narval	pending
ab42_l67_s707813_mpnn2	9CKI	narval	pending
ab42_l67_s707813_mpnn2	9CK6	narval	pending
ab42_l67_s707813_mpnn2	7Q4B	narval	pending
ab42_l67_s707813_mpnn2	7Q4M	narval	pending
ab42_l67_s707813_mpnn2	6SHS	narval	pending
ab42_l67_s707813_mpnn2	1IYT	narval	pending
ab42_l67_s707813_mpnn2	Ab40_monomer	narval	pending
ab42_l68_s311665_mpnn6	9CO4	narval	pending
ab42_l68_s311665_mpnn6	9CKI	narval	pending
ab42_l68_s311665_mpnn6	9CK6	narval	pending
ab42_l68_s311665_mpnn6	7Q4B	narval	pending
ab42_l68_s311665_mpnn6	7Q4M	narval	pending
ab42_l68_s311665_mpnn6	6SHS	narval	pending
ab42_l68_s311665_mpnn6	1IYT	narval	pending
ab42_l68_s311665_mpnn6	Ab40_monomer	narval	pending
ab42_l70_s313438_mpnn2	9CO4	narval	pending
ab42_l70_s313438_mpnn2	9CKI	narval	pending
ab42_l70_s313438_mpnn2	9CK6	narval	pending
ab42_l70_s313438_mpnn2	7Q4B	narval	pending
ab42_l70_s313438_mpnn2	7Q4M	narval	pending
ab42_l70_s313438_mpnn2	6SHS	narval	pending
ab42_l70_s313438_mpnn2	1IYT	narval	pending
ab42_l70_s313438_mpnn2	Ab40_monomer	narval	pending
ab42_l70_s313438_mpnn5	9CO4	narval	pending
ab42_l70_s313438_mpnn5	9CKI	narval	pending
ab42_l70_s313438_mpnn5	9CK6	narval	pending
ab42_l70_s313438_mpnn5	7Q4B	narval	pending
ab42_l70_s313438_mpnn5	7Q4M	narval	pending
ab42_l70_s313438_mpnn5	6SHS	narval	pending
ab42_l70_s313438_mpnn5	1IYT	narval	pending
ab42_l70_s313438_mpnn5	Ab40_monomer	narval	pending
ab42_l70_s557298_mpnn12	9CO4	narval	pending
ab42_l70_s557298_mpnn12	9CKI	narval	pending
ab42_l70_s557298_mpnn12	9CK6	narval	pending
ab42_l70_s557298_mpnn12	7Q4B	narval	pending
ab42_l70_s557298_mpnn12	7Q4M	narval	pending
ab42_l70_s557298_mpnn12	6SHS	narval	pending
ab42_l70_s557298_mpnn12	1IYT	narval	pending
ab42_l70_s557298_mpnn12	Ab40_monomer	narval	pending
ab42_l70_s71039_mpnn1	9CO4	narval	pending
ab42_l70_s71039_mpnn1	9CKI	narval	pending
ab42_l70_s71039_mpnn1	9CK6	narval	pending
ab42_l70_s71039_mpnn1	7Q4B	narval	pending
ab42_l70_s71039_mpnn1	7Q4M	narval	pending
ab42_l70_s71039_mpnn1	6SHS	narval	pending
ab42_l70_s71039_mpnn1	1IYT	narval	pending
ab42_l70_s71039_mpnn1	Ab40_monomer	narval	pending
ab42_l70_s71039_mpnn5	9CO4	narval	pending
ab42_l70_s71039_mpnn5	9CKI	narval	pending
ab42_l70_s71039_mpnn5	9CK6	narval	pending
ab42_l70_s71039_mpnn5	7Q4B	narval	pending
ab42_l70_s71039_mpnn5	7Q4M	narval	pending
ab42_l70_s71039_mpnn5	6SHS	narval	pending
ab42_l70_s71039_mpnn5	1IYT	narval	pending
ab42_l70_s71039_mpnn5	Ab40_monomer	narval	pending
ab42_l70_s944140_mpnn10	9CO4	narval	pending
ab42_l70_s944140_mpnn10	9CKI	narval	pending
ab42_l70_s944140_mpnn10	9CK6	narval	pending
ab42_l70_s944140_mpnn10	7Q4B	narval	pending
ab42_l70_s944140_mpnn10	7Q4M	narval	pending
ab42_l70_s944140_mpnn10	6SHS	narval	pending
ab42_l70_s944140_mpnn10	1IYT	narval	pending
ab42_l70_s944140_mpnn10	Ab40_monomer	narval	pending
ab42_l70_s944140_mpnn3	9CO4	narval	pending
ab42_l70_s944140_mpnn3	9CKI	narval	pending
ab42_l70_s944140_mpnn3	9CK6	narval	pending
ab42_l70_s944140_mpnn3	7Q4B	narval	pending
ab42_l70_s944140_mpnn3	7Q4M	narval	pending
ab42_l70_s944140_mpnn3	6SHS	narval	pending
ab42_l70_s944140_mpnn3	1IYT	narval	pending
ab42_l70_s944140_mpnn3	Ab40_monomer	narval	pending
ab42_l71_s843399_mpnn18	9CO4	narval	pending
ab42_l71_s843399_mpnn18	9CKI	narval	pending
ab42_l71_s843399_mpnn18	9CK6	narval	pending
ab42_l71_s843399_mpnn18	7Q4B	narval	pending
ab42_l71_s843399_mpnn18	7Q4M	narval	pending
ab42_l71_s843399_mpnn18	6SHS	narval	pending
ab42_l71_s843399_mpnn18	1IYT	narval	pending
ab42_l71_s843399_mpnn18	Ab40_monomer	narval	pending
ab42_l72_s817651_mpnn15	9CO4	narval	pending
ab42_l72_s817651_mpnn15	9CKI	narval	pending
ab42_l72_s817651_mpnn15	9CK6	narval	pending
ab42_l72_s817651_mpnn15	7Q4B	narval	pending
ab42_l72_s817651_mpnn15	7Q4M	narval	pending
ab42_l72_s817651_mpnn15	6SHS	narval	pending
ab42_l72_s817651_mpnn15	1IYT	narval	pending
ab42_l72_s817651_mpnn15	Ab40_monomer	narval	pending
ab42_l72_s817651_mpnn19	9CO4	narval	pending
ab42_l72_s817651_mpnn19	9CKI	narval	pending
ab42_l72_s817651_mpnn19	9CK6	narval	pending
ab42_l72_s817651_mpnn19	7Q4B	narval	pending
ab42_l72_s817651_mpnn19	7Q4M	narval	pending
ab42_l72_s817651_mpnn19	6SHS	narval	pending
ab42_l72_s817651_mpnn19	1IYT	narval	pending
ab42_l72_s817651_mpnn19	Ab40_monomer	narval	pending
ab42_l76_s254619_mpnn6	9CO4	narval	pending
ab42_l76_s254619_mpnn6	9CKI	narval	pending
ab42_l76_s254619_mpnn6	9CK6	narval	pending
ab42_l76_s254619_mpnn6	7Q4B	narval	pending
ab42_l76_s254619_mpnn6	7Q4M	narval	pending
ab42_l76_s254619_mpnn6	6SHS	narval	pending
ab42_l76_s254619_mpnn6	1IYT	narval	pending
ab42_l76_s254619_mpnn6	Ab40_monomer	narval	pending
ab42_l76_s642149_mpnn3	9CO4	narval	pending
ab42_l76_s642149_mpnn3	9CKI	narval	pending
ab42_l76_s642149_mpnn3	9CK6	narval	pending
ab42_l76_s642149_mpnn3	7Q4B	narval	pending
ab42_l76_s642149_mpnn3	7Q4M	narval	pending
ab42_l76_s642149_mpnn3	6SHS	narval	pending
ab42_l76_s642149_mpnn3	1IYT	narval	pending
ab42_l76_s642149_mpnn3	Ab40_monomer	narval	pending
ab42_l76_s642149_mpnn5	9CO4	narval	pending
ab42_l76_s642149_mpnn5	9CKI	narval	pending
ab42_l76_s642149_mpnn5	9CK6	narval	pending
ab42_l76_s642149_mpnn5	7Q4B	narval	pending
ab42_l76_s642149_mpnn5	7Q4M	narval	pending
ab42_l76_s642149_mpnn5	6SHS	narval	pending
ab42_l76_s642149_mpnn5	1IYT	narval	pending
ab42_l76_s642149_mpnn5	Ab40_monomer	narval	pending
ab42_l77_s306498_mpnn13	9CO4	narval	pending
ab42_l77_s306498_mpnn13	9CKI	narval	pending
ab42_l77_s306498_mpnn13	9CK6	narval	pending
ab42_l77_s306498_mpnn13	7Q4B	narval	pending
ab42_l77_s306498_mpnn13	7Q4M	narval	pending
ab42_l77_s306498_mpnn13	6SHS	narval	pending
ab42_l77_s306498_mpnn13	1IYT	narval	pending
ab42_l77_s306498_mpnn13	Ab40_monomer	narval	pending
ab42_l77_s306498_mpnn16	9CO4	narval	pending
ab42_l77_s306498_mpnn16	9CKI	narval	pending
ab42_l77_s306498_mpnn16	9CK6	narval	pending
ab42_l77_s306498_mpnn16	7Q4B	narval	pending
ab42_l77_s306498_mpnn16	7Q4M	narval	pending
ab42_l77_s306498_mpnn16	6SHS	narval	pending
ab42_l77_s306498_mpnn16	1IYT	narval	pending
ab42_l77_s306498_mpnn16	Ab40_monomer	narval	pending
ab42_l78_s597404_mpnn16	9CO4	narval	pending
ab42_l78_s597404_mpnn16	9CKI	narval	pending
ab42_l78_s597404_mpnn16	9CK6	narval	pending
ab42_l78_s597404_mpnn16	7Q4B	narval	pending
ab42_l78_s597404_mpnn16	7Q4M	narval	pending
ab42_l78_s597404_mpnn16	6SHS	narval	pending
ab42_l78_s597404_mpnn16	1IYT	narval	pending
ab42_l78_s597404_mpnn16	Ab40_monomer	narval	pending
ab42_l78_s597404_mpnn9	9CO4	narval	pending
ab42_l78_s597404_mpnn9	9CKI	narval	pending
ab42_l78_s597404_mpnn9	9CK6	narval	pending
ab42_l78_s597404_mpnn9	7Q4B	narval	pending
ab42_l78_s597404_mpnn9	7Q4M	narval	pending
ab42_l78_s597404_mpnn9	6SHS	narval	pending
ab42_l78_s597404_mpnn9	1IYT	narval	pending
ab42_l78_s597404_mpnn9	Ab40_monomer	narval	pending
ab42_l79_s120913_mpnn1	9CO4	narval	pending
ab42_l79_s120913_mpnn1	9CKI	narval	pending
ab42_l79_s120913_mpnn1	9CK6	narval	pending
ab42_l79_s120913_mpnn1	7Q4B	narval	pending
ab42_l79_s120913_mpnn1	7Q4M	narval	pending
ab42_l79_s120913_mpnn1	6SHS	narval	pending
ab42_l79_s120913_mpnn1	1IYT	narval	pending
ab42_l79_s120913_mpnn1	Ab40_monomer	narval	pending
ab42_l79_s120913_mpnn2	9CO4	narval	pending
ab42_l79_s120913_mpnn2	9CKI	narval	pending
ab42_l79_s120913_mpnn2	9CK6	narval	pending
ab42_l79_s120913_mpnn2	7Q4B	narval	pending
ab42_l79_s120913_mpnn2	7Q4M	narval	pending
ab42_l79_s120913_mpnn2	6SHS	narval	pending
ab42_l79_s120913_mpnn2	1IYT	narval	pending
ab42_l79_s120913_mpnn2	Ab40_monomer	narval	pending
ab42_l79_s867664_mpnn2	9CO4	narval	pending
ab42_l79_s867664_mpnn2	9CKI	narval	pending
ab42_l79_s867664_mpnn2	9CK6	narval	pending
ab42_l79_s867664_mpnn2	7Q4B	narval	pending
ab42_l79_s867664_mpnn2	7Q4M	narval	pending
ab42_l79_s867664_mpnn2	6SHS	narval	pending
ab42_l79_s867664_mpnn2	1IYT	narval	pending
ab42_l79_s867664_mpnn2	Ab40_monomer	narval	pending
ab42_l79_s867664_mpnn5	9CO4	narval	pending
ab42_l79_s867664_mpnn5	9CKI	narval	pending
ab42_l79_s867664_mpnn5	9CK6	narval	pending
ab42_l79_s867664_mpnn5	7Q4B	narval	pending
ab42_l79_s867664_mpnn5	7Q4M	narval	pending
ab42_l79_s867664_mpnn5	6SHS	narval	pending
ab42_l79_s867664_mpnn5	1IYT	narval	pending
ab42_l79_s867664_mpnn5	Ab40_monomer	narval	pending
ab42_l79_s961538_mpnn3	9CO4	narval	pending
ab42_l79_s961538_mpnn3	9CKI	narval	pending
ab42_l79_s961538_mpnn3	9CK6	narval	pending
ab42_l79_s961538_mpnn3	7Q4B	narval	pending
ab42_l79_s961538_mpnn3	7Q4M	narval	pending
ab42_l79_s961538_mpnn3	6SHS	narval	pending
ab42_l79_s961538_mpnn3	1IYT	narval	pending
ab42_l79_s961538_mpnn3	Ab40_monomer	narval	pending
ab42_l79_s961538_mpnn4	9CO4	narval	pending
ab42_l79_s961538_mpnn4	9CKI	narval	pending
ab42_l79_s961538_mpnn4	9CK6	narval	pending
ab42_l79_s961538_mpnn4	7Q4B	narval	pending
ab42_l79_s961538_mpnn4	7Q4M	narval	pending
ab42_l79_s961538_mpnn4	6SHS	narval	pending
ab42_l79_s961538_mpnn4	1IYT	narval	pending
ab42_l79_s961538_mpnn4	Ab40_monomer	narval	pending
ab42_l80_s980366_mpnn2	9CO4	narval	pending
ab42_l80_s980366_mpnn2	9CKI	narval	pending
ab42_l80_s980366_mpnn2	9CK6	narval	pending
ab42_l80_s980366_mpnn2	7Q4B	narval	pending
ab42_l80_s980366_mpnn2	7Q4M	narval	pending
ab42_l80_s980366_mpnn2	6SHS	narval	pending
ab42_l80_s980366_mpnn2	1IYT	narval	pending
ab42_l80_s980366_mpnn2	Ab40_monomer	narval	pending
ab42_l81_s65308_mpnn1	9CO4	narval	pending
ab42_l81_s65308_mpnn1	9CKI	narval	pending
ab42_l81_s65308_mpnn1	9CK6	narval	pending
ab42_l81_s65308_mpnn1	7Q4B	narval	pending
ab42_l81_s65308_mpnn1	7Q4M	narval	pending
ab42_l81_s65308_mpnn1	6SHS	narval	pending
ab42_l81_s65308_mpnn1	1IYT	narval	pending
ab42_l81_s65308_mpnn1	Ab40_monomer	narval	pending
ab42_l81_s65308_mpnn6	9CO4	narval	pending
ab42_l81_s65308_mpnn6	9CKI	narval	pending
ab42_l81_s65308_mpnn6	9CK6	narval	pending
ab42_l81_s65308_mpnn6	7Q4B	narval	pending
ab42_l81_s65308_mpnn6	7Q4M	narval	pending
ab42_l81_s65308_mpnn6	6SHS	narval	pending
ab42_l81_s65308_mpnn6	1IYT	narval	pending
ab42_l81_s65308_mpnn6	Ab40_monomer	narval	pending
ab42_l82_s480128_mpnn13	9CO4	narval	pending
ab42_l82_s480128_mpnn13	9CKI	narval	pending
ab42_l82_s480128_mpnn13	9CK6	narval	pending
ab42_l82_s480128_mpnn13	7Q4B	narval	pending
ab42_l82_s480128_mpnn13	7Q4M	narval	pending
ab42_l82_s480128_mpnn13	6SHS	narval	pending
ab42_l82_s480128_mpnn13	1IYT	narval	pending
ab42_l82_s480128_mpnn13	Ab40_monomer	narval	pending
ab42_l82_s480128_mpnn17	9CO4	narval	pending
ab42_l82_s480128_mpnn17	9CKI	narval	pending
ab42_l82_s480128_mpnn17	9CK6	narval	pending
ab42_l82_s480128_mpnn17	7Q4B	narval	pending
ab42_l82_s480128_mpnn17	7Q4M	narval	pending
ab42_l82_s480128_mpnn17	6SHS	narval	pending
ab42_l82_s480128_mpnn17	1IYT	narval	pending
ab42_l82_s480128_mpnn17	Ab40_monomer	narval	pending
ab42_l82_s946181_mpnn6	9CO4	narval	pending
ab42_l82_s946181_mpnn6	9CKI	narval	pending
ab42_l82_s946181_mpnn6	9CK6	narval	pending
ab42_l82_s946181_mpnn6	7Q4B	narval	pending
ab42_l82_s946181_mpnn6	7Q4M	narval	pending
ab42_l82_s946181_mpnn6	6SHS	narval	pending
ab42_l82_s946181_mpnn6	1IYT	narval	pending
ab42_l82_s946181_mpnn6	Ab40_monomer	narval	pending
ab42_l82_s946181_mpnn9	9CO4	narval	pending
ab42_l82_s946181_mpnn9	9CKI	narval	pending
ab42_l82_s946181_mpnn9	9CK6	narval	pending
ab42_l82_s946181_mpnn9	7Q4B	narval	pending
ab42_l82_s946181_mpnn9	7Q4M	narval	pending
ab42_l82_s946181_mpnn9	6SHS	narval	pending
ab42_l82_s946181_mpnn9	1IYT	narval	pending
ab42_l82_s946181_mpnn9	Ab40_monomer	narval	pending
ab42_l82_s967366_mpnn11	9CO4	narval	pending
ab42_l82_s967366_mpnn11	9CKI	narval	pending
ab42_l82_s967366_mpnn11	9CK6	narval	pending
ab42_l82_s967366_mpnn11	7Q4B	narval	pending
ab42_l82_s967366_mpnn11	7Q4M	narval	pending
ab42_l82_s967366_mpnn11	6SHS	narval	pending
ab42_l82_s967366_mpnn11	1IYT	narval	pending
ab42_l82_s967366_mpnn11	Ab40_monomer	narval	pending
ab42_l84_s31762_mpnn5	9CO4	narval	pending
ab42_l84_s31762_mpnn5	9CKI	narval	pending
ab42_l84_s31762_mpnn5	9CK6	narval	pending
ab42_l84_s31762_mpnn5	7Q4B	narval	pending
ab42_l84_s31762_mpnn5	7Q4M	narval	pending
ab42_l84_s31762_mpnn5	6SHS	narval	pending
ab42_l84_s31762_mpnn5	1IYT	narval	pending
ab42_l84_s31762_mpnn5	Ab40_monomer	narval	pending
ab42_l84_s443975_mpnn10	9CO4	narval	pending
ab42_l84_s443975_mpnn10	9CKI	narval	pending
ab42_l84_s443975_mpnn10	9CK6	narval	pending
ab42_l84_s443975_mpnn10	7Q4B	narval	pending
ab42_l84_s443975_mpnn10	7Q4M	narval	pending
ab42_l84_s443975_mpnn10	6SHS	narval	pending
ab42_l84_s443975_mpnn10	1IYT	narval	pending
ab42_l84_s443975_mpnn10	Ab40_monomer	narval	pending
ab42_l84_s443975_mpnn2	9CO4	narval	pending
ab42_l84_s443975_mpnn2	9CKI	narval	pending
ab42_l84_s443975_mpnn2	9CK6	narval	pending
ab42_l84_s443975_mpnn2	7Q4B	narval	pending
ab42_l84_s443975_mpnn2	7Q4M	narval	pending
ab42_l84_s443975_mpnn2	6SHS	narval	pending
ab42_l84_s443975_mpnn2	1IYT	narval	pending
ab42_l84_s443975_mpnn2	Ab40_monomer	narval	pending
ab42_l85_s228379_mpnn6	9CO4	narval	pending
ab42_l85_s228379_mpnn6	9CKI	narval	pending
ab42_l85_s228379_mpnn6	9CK6	narval	pending
ab42_l85_s228379_mpnn6	7Q4B	narval	pending
ab42_l85_s228379_mpnn6	7Q4M	narval	pending
ab42_l85_s228379_mpnn6	6SHS	narval	pending
ab42_l85_s228379_mpnn6	1IYT	narval	pending
ab42_l85_s228379_mpnn6	Ab40_monomer	narval	pending
ab42_l85_s230267_mpnn3	9CO4	narval	pending
ab42_l85_s230267_mpnn3	9CKI	narval	pending
ab42_l85_s230267_mpnn3	9CK6	narval	pending
ab42_l85_s230267_mpnn3	7Q4B	narval	pending
ab42_l85_s230267_mpnn3	7Q4M	narval	pending
ab42_l85_s230267_mpnn3	6SHS	narval	pending
ab42_l85_s230267_mpnn3	1IYT	narval	pending
ab42_l85_s230267_mpnn3	Ab40_monomer	narval	pending
ab42_l85_s230267_mpnn4	9CO4	narval	pending
ab42_l85_s230267_mpnn4	9CKI	narval	pending
ab42_l85_s230267_mpnn4	9CK6	narval	pending
ab42_l85_s230267_mpnn4	7Q4B	narval	pending
ab42_l85_s230267_mpnn4	7Q4M	narval	pending
ab42_l85_s230267_mpnn4	6SHS	narval	pending
ab42_l85_s230267_mpnn4	1IYT	narval	pending
ab42_l85_s230267_mpnn4	Ab40_monomer	narval	pending
ab42_l86_s453481_mpnn1	9CO4	narval	pending
ab42_l86_s453481_mpnn1	9CKI	narval	pending
ab42_l86_s453481_mpnn1	9CK6	narval	pending
ab42_l86_s453481_mpnn1	7Q4B	narval	pending
ab42_l86_s453481_mpnn1	7Q4M	narval	pending
ab42_l86_s453481_mpnn1	6SHS	narval	pending
ab42_l86_s453481_mpnn1	1IYT	narval	pending
ab42_l86_s453481_mpnn1	Ab40_monomer	narval	pending
ab42_l86_s453481_mpnn3	9CO4	narval	pending
ab42_l86_s453481_mpnn3	9CKI	narval	pending
ab42_l86_s453481_mpnn3	9CK6	narval	pending
ab42_l86_s453481_mpnn3	7Q4B	narval	pending
ab42_l86_s453481_mpnn3	7Q4M	narval	pending
ab42_l86_s453481_mpnn3	6SHS	narval	pending
ab42_l86_s453481_mpnn3	1IYT	narval	pending
ab42_l86_s453481_mpnn3	Ab40_monomer	narval	pending
ab42_l86_s857331_mpnn12	9CO4	narval	pending
ab42_l86_s857331_mpnn12	9CKI	narval	pending
ab42_l86_s857331_mpnn12	9CK6	narval	pending
ab42_l86_s857331_mpnn12	7Q4B	narval	pending
ab42_l86_s857331_mpnn12	7Q4M	narval	pending
ab42_l86_s857331_mpnn12	6SHS	narval	pending
ab42_l86_s857331_mpnn12	1IYT	narval	pending
ab42_l86_s857331_mpnn12	Ab40_monomer	narval	pending
ab42_l86_s857331_mpnn4	9CO4	narval	pending
ab42_l86_s857331_mpnn4	9CKI	narval	pending
ab42_l86_s857331_mpnn4	9CK6	narval	pending
ab42_l86_s857331_mpnn4	7Q4B	narval	pending
ab42_l86_s857331_mpnn4	7Q4M	narval	pending
ab42_l86_s857331_mpnn4	6SHS	narval	pending
ab42_l86_s857331_mpnn4	1IYT	narval	pending
ab42_l86_s857331_mpnn4	Ab40_monomer	narval	pending
ab42_l87_s716952_mpnn20	9CO4	narval	pending
ab42_l87_s716952_mpnn20	9CKI	narval	pending
ab42_l87_s716952_mpnn20	9CK6	narval	pending
ab42_l87_s716952_mpnn20	7Q4B	narval	pending
ab42_l87_s716952_mpnn20	7Q4M	narval	pending
ab42_l87_s716952_mpnn20	6SHS	narval	pending
ab42_l87_s716952_mpnn20	1IYT	narval	pending
ab42_l87_s716952_mpnn20	Ab40_monomer	narval	pending
ab42_l89_s578974_mpnn11	9CO4	narval	pending
ab42_l89_s578974_mpnn11	9CKI	narval	pending
ab42_l89_s578974_mpnn11	9CK6	narval	pending
ab42_l89_s578974_mpnn11	7Q4B	narval	pending
ab42_l89_s578974_mpnn11	7Q4M	narval	pending
ab42_l89_s578974_mpnn11	6SHS	narval	pending
ab42_l89_s578974_mpnn11	1IYT	narval	pending
ab42_l89_s578974_mpnn11	Ab40_monomer	narval	pending
ab42_l89_s878084_mpnn3	9CO4	narval	pending
ab42_l89_s878084_mpnn3	9CKI	narval	pending
ab42_l89_s878084_mpnn3	9CK6	narval	pending
ab42_l89_s878084_mpnn3	7Q4B	narval	pending
ab42_l89_s878084_mpnn3	7Q4M	narval	pending
ab42_l89_s878084_mpnn3	6SHS	narval	pending
ab42_l89_s878084_mpnn3	1IYT	narval	pending
ab42_l89_s878084_mpnn3	Ab40_monomer	narval	pending
ab42_l89_s878084_mpnn4	9CO4	narval	pending
ab42_l89_s878084_mpnn4	9CKI	narval	pending
ab42_l89_s878084_mpnn4	9CK6	narval	pending
ab42_l89_s878084_mpnn4	7Q4B	narval	pending
ab42_l89_s878084_mpnn4	7Q4M	narval	pending
ab42_l89_s878084_mpnn4	6SHS	narval	pending
ab42_l89_s878084_mpnn4	1IYT	narval	pending
ab42_l89_s878084_mpnn4	Ab40_monomer	narval	pending
ab42_l90_s311742_mpnn16	9CO4	narval	pending
ab42_l90_s311742_mpnn16	9CKI	narval	pending
ab42_l90_s311742_mpnn16	9CK6	narval	pending
ab42_l90_s311742_mpnn16	7Q4B	narval	pending
ab42_l90_s311742_mpnn16	7Q4M	narval	pending
ab42_l90_s311742_mpnn16	6SHS	narval	pending
ab42_l90_s311742_mpnn16	1IYT	narval	pending
ab42_l90_s311742_mpnn16	Ab40_monomer	narval	pending
ab42_l90_s311742_mpnn3	9CO4	narval	pending
ab42_l90_s311742_mpnn3	9CKI	narval	pending
ab42_l90_s311742_mpnn3	9CK6	narval	pending
ab42_l90_s311742_mpnn3	7Q4B	narval	pending
ab42_l90_s311742_mpnn3	7Q4M	narval	pending
ab42_l90_s311742_mpnn3	6SHS	narval	pending
ab42_l90_s311742_mpnn3	1IYT	narval	pending
ab42_l90_s311742_mpnn3	Ab40_monomer	narval	pending
ab42_l90_s822708_mpnn14	9CO4	narval	pending
ab42_l90_s822708_mpnn14	9CKI	narval	pending
ab42_l90_s822708_mpnn14	9CK6	narval	pending
ab42_l90_s822708_mpnn14	7Q4B	narval	pending
ab42_l90_s822708_mpnn14	7Q4M	narval	pending
ab42_l90_s822708_mpnn14	6SHS	narval	pending
ab42_l90_s822708_mpnn14	1IYT	narval	pending
ab42_l90_s822708_mpnn14	Ab40_monomer	narval	pending
ab42_l90_s822708_mpnn7	9CO4	narval	pending
ab42_l90_s822708_mpnn7	9CKI	narval	pending
ab42_l90_s822708_mpnn7	9CK6	narval	pending
ab42_l90_s822708_mpnn7	7Q4B	narval	pending
ab42_l90_s822708_mpnn7	7Q4M	narval	pending
ab42_l90_s822708_mpnn7	6SHS	narval	pending
ab42_l90_s822708_mpnn7	1IYT	narval	pending
ab42_l90_s822708_mpnn7	Ab40_monomer	narval	pending
