design_id,target,pae_interaction,iptm,plddt_binder,pass
ab42_l60_s103118_mpnn17,9CO4,22.159288398692812,0.11,71.87133333333333,False
ab42_l60_s837308_mpnn3,9CO4,20.24148611111111,0.15,65.21883333333334,False
ab42_l60_s837308_mpnn6,9CO4,20.867333333333335,0.13,66.28883333333334,False
ab42_l61_s766115_mpnn9,9CO4,21.167416425586623,0.13,52.64344262295083,False
ab42_l62_s95406_mpnn2,9CO4,20.45589421252372,0.13,65.93274193548388,False
ab42_l63_s289797_mpnn2,9CO4,20.987436196700905,0.14,63.48428571428571,False
ab42_l63_s289797_mpnn5,9CO4,20.74377840024899,0.14,63.16619047619048,False
ab42_l63_s794643_mpnn1,9CO4,23.169875505757858,0.1,39.561428571428564,False
ab42_l63_s794643_mpnn3,9CO4,23.137986305633362,0.1,40.40825396825397,False
ab42_l65_s496499_mpnn3,9CO4,21.566563348416288,0.13,68.96984615384615,False
ab42_l67_s707813_mpnn1,9CO4,21.636916886157447,0.13,56.610447761194024,False
ab42_l67_s707813_mpnn2,9CO4,21.634926836406205,0.13,56.22686567164178,False
ab42_l68_s311665_mpnn6,9CO4,21.241508073817762,0.14,66.84735294117645,False
ab42_l70_s313438_mpnn2,9CO4,21.389617647058824,0.13,61.72085714285714,False
ab42_l70_s313438_mpnn5,9CO4,21.274315126050418,0.13,61.27585714285715,False
ab42_l70_s557298_mpnn12,9CO4,21.219941876750703,0.12,62.861428571428576,False
ab42_l70_s71039_mpnn1,9CO4,20.789293417366945,0.14,57.30971428571429,False
ab42_l70_s71039_mpnn5,9CO4,21.067362044817926,0.14,55.60185714285715,False
ab42_l70_s944140_mpnn10,9CO4,21.102219187675075,0.13,66.09242857142858,False
ab42_l70_s944140_mpnn3,9CO4,20.29100070028011,0.16,65.18557142857145,False
ab42_l71_s843399_mpnn18,9CO4,21.204845346589337,0.15,68.36760563380284,False
ab42_l72_s817651_mpnn15,9CO4,20.88406045751634,0.14,69.08416666666666,False
ab42_l72_s817651_mpnn19,9CO4,20.790442538126364,0.14,69.74333333333334,False
ab42_l76_s254619_mpnn6,9CO4,21.802858617131065,0.12,52.40947368421053,False
ab42_l76_s642149_mpnn3,9CO4,21.107129772961816,0.15,60.606842105263155,False
ab42_l76_s642149_mpnn5,9CO4,20.832607714138287,0.15,61.57039473684211,False
ab42_l77_s306498_mpnn13,9CO4,19.34105551311434,0.19,72.7561038961039,False
ab42_l77_s306498_mpnn16,9CO4,21.336642475171885,0.15,72.99376623376621,False
ab42_l78_s597404_mpnn16,9CO4,21.38850301659125,0.14,69.87153846153845,False
ab42_l78_s597404_mpnn9,9CO4,20.712303921568623,0.15,70.2351282051282,False
ab42_l79_s120913_mpnn1,9CO4,21.332982750062047,0.13,63.98367088607594,False
ab42_l79_s120913_mpnn2,9CO4,21.04978592702904,0.14,62.81253164556961,False
ab42_l79_s867664_mpnn2,9CO4,21.60023703152147,0.12,52.55455696202532,False
ab42_l79_s867664_mpnn5,9CO4,21.907186026309255,0.12,54.56329113924052,False
ab42_l79_s961538_mpnn3,9CO4,20.86176222387689,0.14,64.88278481012658,False
ab42_l79_s961538_mpnn4,9CO4,21.870632290891038,0.12,45.164430379746825,False
ab42_l80_s980366_mpnn2,9CO4,21.698432598039215,0.13,67.236,False
ab42_l81_s65308_mpnn1,9CO4,22.530625151295084,0.12,56.01234567901235,False
ab42_l81_s65308_mpnn6,9CO4,22.37318143306705,0.12,55.24814814814814,False
ab42_l82_s480128_mpnn13,9CO4,21.761862147297943,0.15,67.30731707317074,False
ab42_l82_s480128_mpnn17,9CO4,20.93746592539455,0.16,72.86841463414635,False
ab42_l82_s946181_mpnn6,9CO4,21.536169894787182,0.14,56.16341463414635,False
ab42_l82_s946181_mpnn9,9CO4,21.599333452893354,0.14,55.42768292682928,False
ab42_l82_s967366_mpnn11,9CO4,21.095067551410807,0.14,70.04243902439023,False
ab42_l84_s31762_mpnn5,9CO4,22.928823529411762,0.12,66.86809523809522,False
ab42_l84_s443975_mpnn10,9CO4,21.524960317460316,0.14,61.781785714285704,False
ab42_l84_s443975_mpnn2,9CO4,21.365182072829132,0.15,63.29583333333333,False
ab42_l85_s228379_mpnn6,9CO4,22.127163206459056,0.14,53.422,False
ab42_l85_s230267_mpnn3,9CO4,21.80751787773933,0.14,64.28964705882353,False
ab42_l85_s230267_mpnn4,9CO4,22.329767589388695,0.13,61.73835294117647,False
ab42_l86_s453481_mpnn1,9CO4,21.299436274509805,0.14,65.34825581395349,False
ab42_l86_s453481_mpnn3,9CO4,21.188020975832195,0.14,66.47093023255815,False
ab42_l86_s857331_mpnn12,9CO4,22.413301413588695,0.12,66.38313953488374,False
ab42_l86_s857331_mpnn4,9CO4,23.115547195622437,0.11,60.8163953488372,False
ab42_l87_s716952_mpnn20,9CO4,22.31850912778905,0.12,57.8871264367816,False
ab42_l89_s578974_mpnn11,9CO4,21.519453624146283,0.14,67.72977528089888,False
ab42_l89_s878084_mpnn3,9CO4,21.89205001101564,0.13,68.28696629213484,False
ab42_l89_s878084_mpnn4,9CO4,21.615335426305354,0.14,70.3205617977528,False
ab42_l90_s311742_mpnn16,9CO4,21.451626906318083,0.15,65.25566666666667,False
ab42_l90_s311742_mpnn3,9CO4,21.785537581699344,0.14,60.951444444444434,False
ab42_l90_s822708_mpnn14,9CO4,21.89669825708061,0.15,65.51411111111112,False
ab42_l90_s822708_mpnn7,9CO4,21.566375272331157,0.15,64.333,False
ab42_l60_s103118_mpnn17,9CKI,22.144664215686273,0.11,71.78099999999999,True
ab42_l60_s837308_mpnn3,9CKI,20.266246732026143,0.15,65.219,True
ab42_l60_s837308_mpnn6,9CKI,20.84030473856209,0.14,66.07666666666667,True
ab42_l61_s766115_mpnn9,9CKI,21.1682200257152,0.13,52.593114754098366,True
ab42_l62_s95406_mpnn2,9CKI,20.064833175205564,0.14,66.11548387096774,True
ab42_l63_s289797_mpnn2,9CKI,20.990016339869282,0.14,63.460793650793654,True
ab42_l63_s289797_mpnn5,9CKI,20.96727435418612,0.13,62.388412698412694,True
ab42_l63_s794643_mpnn1,9CKI,23.088337223778403,0.1,39.111111111111114,True
ab42_l63_s794643_mpnn3,9CKI,23.01504590725179,0.1,41.83539682539682,True
ab42_l65_s496499_mpnn3,9CKI,21.640355203619908,0.13,68.91446153846154,True
ab42_l67_s707813_mpnn1,9CKI,21.649318115305825,0.13,56.36970149253731,True
ab42_l67_s707813_mpnn2,9CKI,21.599446883230904,0.13,56.21791044776119,True
ab42_l68_s311665_mpnn6,9CKI,21.37932021337947,0.14,66.11000000000001,True
ab42_l70_s313438_mpnn2,9CKI,21.446161064425773,0.13,61.058714285714295,True
ab42_l70_s313438_mpnn5,9CKI,21.358532913165263,0.13,60.974571428571444,True
ab42_l70_s557298_mpnn12,9CKI,21.143864845938378,0.12,61.87771428571429,True
ab42_l70_s71039_mpnn1,9CKI,20.79250980392157,0.14,57.29,True
ab42_l70_s71039_mpnn5,9CKI,21.021950980392155,0.14,55.760999999999996,True
ab42_l70_s944140_mpnn10,9CKI,21.38921288515406,0.13,65.57828571428573,True
ab42_l70_s944140_mpnn3,9CKI,20.359689775910365,0.15,64.9507142857143,True
ab42_l71_s843399_mpnn18,9CKI,21.201296603148304,0.15,68.49338028169014,True
ab42_l72_s817651_mpnn15,9CKI,20.88406045751634,0.14,69.08416666666666,True
ab42_l72_s817651_mpnn19,9CKI,20.790442538126364,0.14,69.74333333333334,True
ab42_l76_s254619_mpnn6,9CKI,21.740855263157894,0.12,52.804868421052625,True
ab42_l76_s642149_mpnn3,9CKI,21.115214783281736,0.15,60.92605263157895,True
ab42_l76_s642149_mpnn5,9CKI,21.27234907120743,0.13,60.33539473684211,True
ab42_l77_s306498_mpnn13,9CKI,19.34105551311434,0.19,72.7561038961039,True
ab42_l77_s306498_mpnn16,9CKI,21.336642475171885,0.15,72.99376623376621,True
ab42_l78_s597404_mpnn16,9CKI,21.39644922071393,0.14,69.88615384615383,True
ab42_l78_s597404_mpnn9,9CKI,21.118676470588234,0.15,69.10628205128205,True
ab42_l79_s120913_mpnn1,9CKI,21.332982750062047,0.13,63.98367088607594,True
ab42_l79_s120913_mpnn2,9CKI,21.04978592702904,0.14,62.81253164556961,True
ab42_l79_s867664_mpnn2,9CKI,21.60023703152147,0.12,52.55455696202532,True
ab42_l79_s867664_mpnn5,9CKI,21.907186026309255,0.12,54.56329113924052,True
ab42_l79_s961538_mpnn3,9CKI,20.86176222387689,0.14,64.88278481012658,True
ab42_l79_s961538_mpnn4,9CKI,21.870632290891038,0.12,45.164430379746825,True
ab42_l80_s980366_mpnn2,9CKI,21.698432598039215,0.13,67.236,True
ab42_l81_s65308_mpnn1,9CKI,22.537334180585816,0.12,55.93765432098766,True
ab42_l81_s65308_mpnn6,9CKI,22.31353001694505,0.12,55.29333333333332,True
ab42_l82_s480128_mpnn13,9CKI,21.820828550932564,0.15,67.29207317073171,True
ab42_l82_s480128_mpnn17,9CKI,20.976789215686274,0.16,72.8198780487805,True
ab42_l82_s946181_mpnn6,9CKI,21.383191654710668,0.14,56.18780487804879,True
ab42_l82_s946181_mpnn9,9CKI,21.77032400765184,0.14,54.63975609756096,True
ab42_l82_s967366_mpnn11,9CKI,21.12204268292683,0.14,69.99304878048781,True
ab42_l84_s31762_mpnn5,9CKI,22.73732901493931,0.12,66.25404761904763,True
ab42_l84_s443975_mpnn10,9CKI,21.391636904761903,0.15,62.385238095238094,True
ab42_l84_s443975_mpnn2,9CKI,20.855922035480855,0.16,63.56571428571428,True
ab42_l85_s228379_mpnn6,9CKI,22.138281430219145,0.14,53.18964705882354,True
ab42_l85_s230267_mpnn3,9CKI,21.84907727797001,0.14,64.14541176470588,True
ab42_l85_s230267_mpnn4,9CKI,22.295314878892736,0.13,61.76129411764705,True
ab42_l86_s453481_mpnn1,9CKI,21.299436274509805,0.14,65.34825581395349,True
ab42_l86_s453481_mpnn3,9CKI,21.188020975832195,0.14,66.47093023255815,True
ab42_l86_s857331_mpnn12,9CKI,22.413301413588695,0.12,66.38313953488374,True
ab42_l86_s857331_mpnn4,9CKI,23.115547195622437,0.11,60.8163953488372,True
ab42_l87_s716952_mpnn20,9CKI,22.350317782285323,0.12,58.0232183908046,True
ab42_l89_s578974_mpnn11,9CKI,21.517183300286405,0.14,67.86415730337079,True
ab42_l89_s878084_mpnn3,9CKI,21.92402401410002,0.13,68.1938202247191,True
ab42_l89_s878084_mpnn4,9CKI,21.655344789601234,0.14,70.26640449438202,True
ab42_l90_s311742_mpnn16,9CKI,21.451626906318083,0.15,65.25566666666667,True
ab42_l90_s311742_mpnn3,9CKI,21.785537581699344,0.14,60.951444444444434,True
ab42_l90_s822708_mpnn14,9CKI,21.89669825708061,0.15,65.51411111111112,True
ab42_l90_s822708_mpnn7,9CKI,21.566375272331157,0.15,64.333,True
ab42_l60_s103118_mpnn17,9CK6,21.76921977124183,0.12,72.34033333333335,True
ab42_l60_s837308_mpnn3,9CK6,20.250419934640522,0.15,65.09700000000001,True
ab42_l60_s837308_mpnn6,9CK6,20.85241339869281,0.13,66.20750000000001,True
ab42_l61_s766115_mpnn9,9CK6,21.116534072645454,0.13,52.4232786885246,True
ab42_l62_s95406_mpnn2,9CK6,20.064833175205564,0.14,66.11548387096774,True
ab42_l63_s289797_mpnn2,9CK6,20.975803765950825,0.14,63.497301587301585,True
ab42_l63_s289797_mpnn5,9CK6,21.034090413943357,0.13,62.22761904761905,True
ab42_l63_s794643_mpnn1,9CK6,22.943784624961097,0.1,39.07285714285715,True
ab42_l63_s794643_mpnn3,9CK6,23.02945533769063,0.1,41.80126984126984,True
ab42_l65_s496499_mpnn3,9CK6,21.623503016591254,0.13,68.90046153846153,True
ab42_l67_s707813_mpnn1,9CK6,21.649318115305825,0.13,56.36970149253731,True
ab42_l67_s707813_mpnn2,9CK6,21.599446883230904,0.13,56.21791044776119,True
ab42_l68_s311665_mpnn6,9CK6,21.678319636678204,0.12,64.11661764705882,True
ab42_l70_s313438_mpnn2,9CK6,21.349658263305322,0.13,61.14342857142857,True
ab42_l70_s313438_mpnn5,9CK6,21.48525700280112,0.13,60.95214285714285,True
ab42_l70_s557298_mpnn12,9CK6,21.39030882352941,0.12,62.874714285714305,True
ab42_l70_s71039_mpnn1,9CK6,20.84147619047619,0.14,57.22157142857143,True
ab42_l70_s71039_mpnn5,9CK6,21.055141456582632,0.14,55.573428571428565,True
ab42_l70_s944140_mpnn10,9CK6,21.24596288515406,0.13,65.0737142857143,True
ab42_l70_s944140_mpnn3,9CK6,20.40311414565826,0.15,65.0272857142857,True
ab42_l71_s843399_mpnn18,9CK6,21.23513186964927,0.15,68.16760563380282,True
ab42_l72_s817651_mpnn15,9CK6,20.88406045751634,0.14,69.08416666666666,True
ab42_l72_s817651_mpnn19,9CK6,20.790442538126364,0.14,69.74333333333334,True
ab42_l76_s254619_mpnn6,9CK6,21.717327786377705,0.12,52.99184210526317,True
ab42_l76_s642149_mpnn3,9CK6,21.027498710010317,0.15,60.75921052631579,True
ab42_l76_s642149_mpnn5,9CK6,21.059596878224973,0.14,62.148289473684216,True
ab42_l77_s306498_mpnn13,9CK6,19.360769671504965,0.19,72.73558441558443,True
ab42_l77_s306498_mpnn16,9CK6,21.3537636872931,0.15,73.05285714285714,True
ab42_l78_s597404_mpnn16,9CK6,21.38850301659125,0.14,69.87153846153845,True
ab42_l78_s597404_mpnn9,9CK6,20.712303921568623,0.15,70.2351282051282,True
ab42_l79_s120913_mpnn1,9CK6,21.332982750062047,0.13,63.98367088607594,True
ab42_l79_s120913_mpnn2,9CK6,21.04978592702904,0.14,62.81253164556961,True
ab42_l79_s867664_mpnn2,9CK6,21.60023703152147,0.12,52.55455696202532,True
ab42_l79_s867664_mpnn5,9CK6,21.907186026309255,0.12,54.56329113924052,True
ab42_l79_s961538_mpnn3,9CK6,20.86176222387689,0.14,64.88278481012658,True
ab42_l79_s961538_mpnn4,9CK6,21.870632290891038,0.12,45.164430379746825,True
ab42_l80_s980366_mpnn2,9CK6,21.698432598039215,0.13,67.236,True
ab42_l81_s65308_mpnn1,9CK6,22.54070503510046,0.12,55.942716049382724,True
ab42_l81_s65308_mpnn6,9CK6,22.181603122730575,0.12,55.49395061728395,True
ab42_l82_s480128_mpnn13,9CK6,21.79405547584888,0.15,67.27963414634146,True
ab42_l82_s480128_mpnn17,9CK6,20.94410808225729,0.16,72.91560975609757,True
ab42_l82_s946181_mpnn6,9CK6,21.237398971783833,0.14,56.20499999999999,True
ab42_l82_s946181_mpnn9,9CK6,21.650375418460065,0.14,55.36487804878049,True
ab42_l82_s967366_mpnn11,9CK6,21.098184481109516,0.14,69.89841463414635,True
ab42_l84_s31762_mpnn5,9CK6,22.91948529411765,0.12,66.75440476190477,True
ab42_l84_s443975_mpnn10,9CK6,21.532059990662933,0.14,61.725476190476186,True
ab42_l84_s443975_mpnn2,9CK6,21.34106267507003,0.15,63.264166666666675,True
ab42_l85_s228379_mpnn6,9CK6,22.127163206459056,0.14,53.422,True
ab42_l85_s230267_mpnn3,9CK6,21.80751787773933,0.14,64.28964705882353,True
ab42_l85_s230267_mpnn4,9CK6,22.329767589388695,0.13,61.73835294117647,True
ab42_l86_s453481_mpnn1,9CK6,21.135555745554036,0.14,65.55220930232556,True
ab42_l86_s453481_mpnn3,9CK6,20.84656577747378,0.15,66.80337209302324,True
ab42_l86_s857331_mpnn12,9CK6,22.552760487916096,0.12,66.25581395348838,True
ab42_l86_s857331_mpnn4,9CK6,23.217794117647056,0.11,61.05674418604652,True
ab42_l87_s716952_mpnn20,9CK6,22.350317782285323,0.12,58.0232183908046,True
ab42_l89_s578974_mpnn11,9CK6,21.542182749504295,0.14,67.77292134831461,True
ab42_l89_s878084_mpnn3,9CK6,21.91648711169861,0.13,68.16831460674157,True
ab42_l89_s878084_mpnn4,9CK6,21.670534258647276,0.14,70.37876404494382,True
ab42_l90_s311742_mpnn16,9CK6,21.451626906318083,0.15,65.25566666666667,True
ab42_l90_s311742_mpnn3,9CK6,21.785537581699344,0.14,60.951444444444434,True
ab42_l90_s822708_mpnn14,9CK6,21.89669825708061,0.15,65.51411111111112,True
ab42_l90_s822708_mpnn7,9CK6,21.566375272331157,0.15,64.333,True
ab42_l60_s103118_mpnn17,7Q4B,22.129049019607848,0.11,71.80583333333333,True
ab42_l60_s837308_mpnn3,7Q4B,20.24913725490196,0.15,65.22916666666667,True
ab42_l60_s837308_mpnn6,7Q4B,20.86702696078431,0.13,66.17933333333332,True
ab42_l61_s766115_mpnn9,7Q4B,21.1794824815172,0.13,52.5111475409836,True
ab42_l62_s95406_mpnn2,7Q4B,20.02061827956989,0.14,66.1325806451613,True
ab42_l63_s289797_mpnn2,7Q4B,20.998881107998756,0.14,63.55809523809524,True
ab42_l63_s289797_mpnn5,7Q4B,20.73595471521942,0.14,63.19666666666667,True
ab42_l63_s794643_mpnn1,7Q4B,23.11473467164643,0.1,39.60857142857143,True
ab42_l63_s794643_mpnn3,7Q4B,23.13594070961718,0.1,40.36444444444446,True
ab42_l65_s496499_mpnn3,7Q4B,21.636069381598794,0.12,68.78723076923076,True
ab42_l67_s707813_mpnn1,7Q4B,21.66432908984489,0.13,56.52850746268656,True
ab42_l67_s707813_mpnn2,7Q4B,21.64443005560433,0.13,56.277910447761194,True
ab42_l68_s311665_mpnn6,7Q4B,21.325989042675893,0.14,66.8629411764706,True
ab42_l70_s313438_mpnn2,7Q4B,21.389617647058824,0.13,61.72085714285714,True
ab42_l70_s313438_mpnn5,7Q4B,21.274315126050418,0.13,61.27585714285715,True
ab42_l70_s557298_mpnn12,7Q4B,21.219941876750703,0.12,62.861428571428576,True
ab42_l70_s71039_mpnn1,7Q4B,20.789293417366945,0.14,57.30971428571429,True
ab42_l70_s71039_mpnn5,7Q4B,21.067362044817926,0.14,55.60185714285715,True
ab42_l70_s944140_mpnn10,7Q4B,21.102219187675075,0.13,66.09242857142858,True
ab42_l70_s944140_mpnn3,7Q4B,20.29100070028011,0.16,65.18557142857145,True
ab42_l71_s843399_mpnn18,7Q4B,21.23513186964927,0.15,68.16760563380282,True
ab42_l72_s817651_mpnn15,7Q4B,20.882632761437907,0.14,69.10388888888889,True
ab42_l72_s817651_mpnn19,7Q4B,20.839539079520698,0.14,69.52625000000002,True
ab42_l76_s254619_mpnn6,7Q4B,21.758065660474717,0.12,52.629078947368434,True
ab42_l76_s642149_mpnn3,7Q4B,21.133439757481938,0.15,60.631052631578946,True
ab42_l76_s642149_mpnn5,7Q4B,21.393977683178534,0.13,61.752105263157894,True
ab42_l77_s306498_mpnn13,7Q4B,19.34105551311434,0.19,72.7561038961039,True
ab42_l77_s306498_mpnn16,7Q4B,21.336642475171885,0.15,72.99376623376621,True
ab42_l78_s597404_mpnn16,7Q4B,21.38850301659125,0.14,69.87153846153845,True
ab42_l78_s597404_mpnn9,7Q4B,20.712303921568623,0.15,70.2351282051282,True
ab42_l79_s120913_mpnn1,7Q4B,21.361587242491932,0.13,63.931012658227864,True
ab42_l79_s120913_mpnn2,7Q4B,21.20584264085381,0.14,62.468481012658216,True
ab42_l79_s867664_mpnn2,7Q4B,21.57883283693224,0.12,52.63050632911393,True
ab42_l79_s867664_mpnn5,7Q4B,21.88799019607843,0.12,54.575822784810136,True
ab42_l79_s961538_mpnn3,7Q4B,20.822436088359396,0.14,64.82291139240506,True
ab42_l79_s961538_mpnn4,7Q4B,21.849757383966242,0.12,45.37898734177215,True
ab42_l80_s980366_mpnn2,7Q4B,21.698432598039215,0.13,67.236,True
ab42_l81_s65308_mpnn1,7Q4B,22.54070503510046,0.12,55.942716049382724,True
ab42_l81_s65308_mpnn6,7Q4B,22.181603122730575,0.12,55.49395061728395,True
ab42_l82_s480128_mpnn13,7Q4B,21.74762733142037,0.15,67.36463414634146,True
ab42_l82_s480128_mpnn17,7Q4B,20.93040112386418,0.16,72.91060975609757,True
ab42_l82_s946181_mpnn6,7Q4B,21.390606767097083,0.14,56.143414634146346,True
ab42_l82_s946181_mpnn9,7Q4B,21.59316176470588,0.15,54.6491463414634,True
ab42_l82_s967366_mpnn11,7Q4B,21.13056970349115,0.14,70.19621951219513,True
ab42_l84_s31762_mpnn5,7Q4B,22.928823529411762,0.12,66.86809523809522,True
ab42_l84_s443975_mpnn10,7Q4B,21.524960317460316,0.14,61.781785714285704,True
ab42_l84_s443975_mpnn2,7Q4B,21.365182072829132,0.15,63.29583333333333,True
ab42_l85_s228379_mpnn6,7Q4B,22.127163206459056,0.14,53.422,True
ab42_l85_s230267_mpnn3,7Q4B,21.80751787773933,0.14,64.28964705882353,True
ab42_l85_s230267_mpnn4,7Q4B,22.329767589388695,0.13,61.73835294117647,True
ab42_l86_s453481_mpnn1,7Q4B,21.182786707706338,0.14,65.43604651162791,True
ab42_l86_s453481_mpnn3,7Q4B,20.844931600547195,0.15,66.84546511627907,True
ab42_l86_s857331_mpnn12,7Q4B,22.75842567259462,0.12,65.70744186046511,True
ab42_l86_s857331_mpnn4,7Q4B,23.131792635658915,0.12,62.05511627906978,True
ab42_l87_s716952_mpnn20,7Q4B,22.350317782285323,0.12,58.0232183908046,True
ab42_l89_s578974_mpnn11,7Q4B,21.519453624146283,0.14,67.72977528089888,True
ab42_l89_s878084_mpnn3,7Q4B,21.89205001101564,0.13,68.28696629213484,True
ab42_l89_s878084_mpnn4,7Q4B,21.615335426305354,0.14,70.3205617977528,True
ab42_l90_s311742_mpnn16,7Q4B,21.427500544662312,0.15,65.281,True
ab42_l90_s311742_mpnn3,7Q4B,21.793776143790847,0.14,60.842888888888886,True
ab42_l90_s822708_mpnn14,7Q4B,21.900244008714594,0.15,65.52444444444444,True
ab42_l90_s822708_mpnn7,7Q4B,21.57431045751634,0.15,64.32322222222223,True
ab42_l60_s103118_mpnn17,7Q4M,21.363429211469533,0.12,70.20933333333332,True
ab42_l60_s837308_mpnn3,7Q4M,18.90943189964158,0.17,67.2535,True
ab42_l60_s837308_mpnn6,7Q4M,19.93833154121864,0.15,67.47333333333333,True
ab42_l61_s766115_mpnn9,7Q4M,20.640163053058348,0.13,53.40819672131148,True
ab42_l62_s95406_mpnn2,7Q4M,20.025554977454043,0.15,67.20258064516128,True
ab42_l63_s289797_mpnn2,7Q4M,20.621708482676222,0.14,64.31507936507937,True
ab42_l63_s289797_mpnn5,7Q4M,20.274201228878646,0.14,64.36698412698412,True
ab42_l63_s794643_mpnn1,7Q4M,22.744992319508444,0.1,41.81412698412698,True
ab42_l63_s794643_mpnn3,7Q4M,22.897596859532346,0.1,42.99857142857143,True
ab42_l65_s496499_mpnn3,7Q4M,20.450249793217534,0.14,70.87953846153846,True
ab42_l67_s707813_mpnn1,7Q4M,21.414667790081847,0.14,58.01089552238806,True
ab42_l67_s707813_mpnn2,7Q4M,21.379704702294976,0.14,57.82805970149253,True
ab42_l68_s311665_mpnn6,7Q4M,20.7537302340291,0.13,66.23823529411764,True
ab42_l70_s313438_mpnn2,7Q4M,21.159980030721968,0.13,54.65014285714285,True
ab42_l70_s313438_mpnn5,7Q4M,21.087718894009214,0.14,63.93842857142855,True
ab42_l70_s557298_mpnn12,7Q4M,22.230672043010756,0.11,52.300428571428576,True
ab42_l70_s71039_mpnn1,7Q4M,20.27908294930876,0.15,60.13585714285715,True
ab42_l70_s71039_mpnn5,7Q4M,20.890784178187406,0.14,57.97228571428571,True
ab42_l70_s944140_mpnn10,7Q4M,20.5634331797235,0.15,69.21285714285713,True
ab42_l70_s944140_mpnn3,7Q4M,20.50240015360983,0.15,68.80471428571428,True
ab42_l71_s843399_mpnn18,7Q4M,20.691818870210508,0.15,71.96676056338029,True
ab42_l72_s817651_mpnn15,7Q4M,20.879222670250897,0.14,71.47680555555556,True
ab42_l72_s817651_mpnn19,7Q4M,20.92283228793309,0.14,71.3575,True
ab42_l76_s254619_mpnn6,7Q4M,21.253518675721562,0.15,55.32526315789472,True
ab42_l76_s642149_mpnn3,7Q4M,20.402975382003394,0.18,62.94394736842105,True
ab42_l76_s642149_mpnn5,7Q4M,20.872266553480475,0.16,62.71434210526316,True
ab42_l77_s306498_mpnn13,7Q4M,19.57542940930038,0.18,72.19519480519482,True
ab42_l77_s306498_mpnn16,7Q4M,19.418868174835914,0.18,73.43506493506494,True
ab42_l78_s597404_mpnn16,7Q4M,20.80991728701406,0.15,71.76038461538462,True
ab42_l78_s597404_mpnn9,7Q4M,20.41483319547836,0.16,71.90794871794871,True
ab42_l79_s120913_mpnn1,7Q4M,20.739750918742345,0.15,65.90265822784811,True
ab42_l79_s120913_mpnn2,7Q4M,21.363615080985436,0.13,64.0867088607595,True
ab42_l79_s867664_mpnn2,7Q4M,21.004096229753642,0.14,55.50012658227847,True
ab42_l79_s867664_mpnn5,7Q4M,21.311670749965973,0.14,57.78645569620253,True
ab42_l79_s961538_mpnn3,7Q4M,20.29678099904723,0.15,67.33379746835445,True
ab42_l79_s961538_mpnn4,7Q4M,20.696241322988975,0.14,50.74265822784811,True
ab42_l80_s980366_mpnn2,7Q4M,20.852961021505372,0.15,68.017125,True
ab42_l81_s65308_mpnn1,7Q4M,21.806194079384042,0.13,58.94283950617284,True
ab42_l81_s65308_mpnn6,7Q4M,21.54521107128634,0.13,56.504567901234566,True
ab42_l82_s480128_mpnn13,7Q4M,21.492820613690007,0.14,66.90743902439023,True
ab42_l82_s480128_mpnn17,7Q4M,20.96193745082612,0.15,72.43317073170732,True
ab42_l82_s946181_mpnn6,7Q4M,20.698518882769477,0.15,58.672195121951226,True
ab42_l82_s946181_mpnn9,7Q4M,20.69904864935746,0.15,59.05975609756097,True
ab42_l82_s967366_mpnn11,7Q4M,20.316679779701023,0.17,73.26268292682927,True
ab42_l84_s31762_mpnn5,7Q4M,20.880174091141832,0.17,71.35404761904762,True
ab42_l84_s443975_mpnn10,7Q4M,20.848106758832564,0.15,63.53761904761903,True
ab42_l84_s443975_mpnn2,7Q4M,20.885609318996416,0.15,63.295357142857156,True
ab42_l85_s228379_mpnn6,7Q4M,21.73314484503479,0.13,56.23799999999999,True
ab42_l85_s230267_mpnn3,7Q4M,21.6857128399747,0.15,66.38376470588236,True
ab42_l85_s230267_mpnn4,7Q4M,21.99318595825427,0.14,63.260823529411766,True
ab42_l86_s453481_mpnn1,7Q4M,20.913729057264316,0.15,67.94197674418605,True
ab42_l86_s453481_mpnn3,7Q4M,20.90656414103526,0.15,69.12883720930235,True
ab42_l86_s857331_mpnn12,7Q4M,21.69201425356339,0.14,68.77372093023257,True
ab42_l86_s857331_mpnn4,7Q4M,22.347401225306328,0.12,62.436860465116276,True
ab42_l87_s716952_mpnn20,7Q4M,21.69455938697318,0.13,58.507931034482745,True
ab42_l89_s578974_mpnn11,7Q4M,21.062274978857076,0.16,69.61808988764045,True
ab42_l89_s878084_mpnn3,7Q4M,20.757925576899844,0.16,71.51505617977527,True
ab42_l89_s878084_mpnn4,7Q4M,20.597003141234747,0.16,73.41539325842696,True
ab42_l90_s311742_mpnn16,7Q4M,21.44471087216248,0.15,67.25188888888889,True
ab42_l90_s311742_mpnn3,7Q4M,21.995223416965356,0.14,62.690333333333335,True
ab42_l90_s822708_mpnn14,7Q4M,20.404985065710868,0.17,67.95422222222221,True
ab42_l90_s822708_mpnn7,7Q4M,21.40819892473118,0.15,65.23977777777779,True
ab42_l60_s103118_mpnn17,6SHS,21.688308333333335,0.14,69.2835,True
ab42_l60_s837308_mpnn3,6SHS,20.447261805555556,0.15,62.235499999999995,True
ab42_l60_s837308_mpnn6,6SHS,20.329860416666666,0.16,65.45983333333334,True
ab42_l61_s766115_mpnn9,6SHS,21.31921721311475,0.14,52.708852459016384,True
ab42_l62_s95406_mpnn2,6SHS,20.04648252688172,0.17,66.51903225806453,True
ab42_l63_s289797_mpnn2,6SHS,21.42880291005291,0.14,61.51999999999999,True
ab42_l63_s289797_mpnn5,6SHS,20.79956216931217,0.15,60.7715873015873,True
ab42_l63_s794643_mpnn1,6SHS,22.958300264550264,0.12,39.841587301587296,True
ab42_l63_s794643_mpnn3,6SHS,23.363714285714284,0.11,40.936190476190475,True
ab42_l65_s496499_mpnn3,6SHS,21.115554487179484,0.15,68.92523076923078,True
ab42_l67_s707813_mpnn1,6SHS,22.048158582089552,0.14,55.29388059701493,True
ab42_l67_s707813_mpnn2,6SHS,21.811439676616917,0.15,56.11626865671642,True
ab42_l68_s311665_mpnn6,6SHS,21.001552696078434,0.15,64.72264705882353,True
ab42_l70_s313438_mpnn2,6SHS,20.980969642857143,0.15,63.28285714285712,True
ab42_l70_s313438_mpnn5,6SHS,21.946806547619047,0.13,60.71042857142858,True
ab42_l70_s557298_mpnn12,6SHS,21.967830952380954,0.13,57.96400000000001,True
ab42_l70_s71039_mpnn1,6SHS,20.957710119047622,0.16,56.45457142857142,True
ab42_l70_s71039_mpnn5,6SHS,21.193299404761905,0.14,55.31571428571429,True
ab42_l70_s944140_mpnn10,6SHS,20.88739047619048,0.18,60.15642857142857,True
ab42_l70_s944140_mpnn3,6SHS,20.06799880952381,0.19,65.86257142857144,True
ab42_l71_s843399_mpnn18,6SHS,21.142750586854458,0.16,67.02845070422536,True
ab42_l72_s817651_mpnn15,6SHS,20.70576446759259,0.17,70.24624999999999,True
ab42_l72_s817651_mpnn19,6SHS,20.41620949074074,0.17,69.59708333333333,True
ab42_l76_s254619_mpnn6,6SHS,22.251422149122806,0.13,50.306447368421054,True
ab42_l76_s642149_mpnn3,6SHS,21.809939144736845,0.16,61.328815789473694,True
ab42_l76_s642149_mpnn5,6SHS,21.53934539473684,0.17,61.678815789473695,True
ab42_l77_s306498_mpnn13,6SHS,21.677050865800865,0.14,68.50714285714285,True
ab42_l77_s306498_mpnn16,6SHS,21.45471103896104,0.14,68.88194805194806,True
ab42_l78_s597404_mpnn16,6SHS,20.656359508547013,0.18,70.0747435897436,True
ab42_l78_s597404_mpnn9,6SHS,20.614927350427347,0.18,69.7752564102564,True
ab42_l79_s120913_mpnn1,6SHS,21.670280063291138,0.15,63.706582278481,True
ab42_l79_s120913_mpnn2,6SHS,21.49031487341772,0.15,62.76189873417721,True
ab42_l79_s867664_mpnn2,6SHS,22.118260548523207,0.13,53.6767088607595,True
ab42_l79_s867664_mpnn5,6SHS,21.76706751054852,0.15,57.282025316455695,True
ab42_l79_s961538_mpnn3,6SHS,21.112888185654008,0.16,64.78240506329114,True
ab42_l79_s961538_mpnn4,6SHS,22.227700421940927,0.14,47.29949367088607,True
ab42_l80_s980366_mpnn2,6SHS,22.139586979166666,0.13,65.57249999999999,True
ab42_l81_s65308_mpnn1,6SHS,22.374607510288065,0.13,55.73518518518519,True
ab42_l81_s65308_mpnn6,6SHS,22.315397633744855,0.13,54.75703703703704,True
ab42_l82_s480128_mpnn13,6SHS,21.785971544715448,0.16,65.80341463414635,True
ab42_l82_s480128_mpnn17,6SHS,21.134440548780486,0.16,71.59890243902439,True
ab42_l82_s946181_mpnn6,6SHS,21.186235772357723,0.16,55.96743902439023,True
ab42_l82_s946181_mpnn9,6SHS,21.302543699186987,0.16,54.90560975609756,True
ab42_l82_s967366_mpnn11,6SHS,20.778776422764228,0.17,71.80243902439024,True
ab42_l84_s31762_mpnn5,6SHS,22.78765773809524,0.13,68.25107142857144,True
ab42_l84_s443975_mpnn10,6SHS,21.63607886904762,0.16,61.330238095238094,True
ab42_l84_s443975_mpnn2,6SHS,21.53900744047619,0.16,61.460714285714296,True
ab42_l85_s228379_mpnn6,6SHS,21.851823529411764,0.15,54.75352941176472,True
ab42_l85_s230267_mpnn3,6SHS,21.779155392156863,0.16,64.43894117647059,True
ab42_l85_s230267_mpnn4,6SHS,21.850029901960784,0.16,62.27729411764707,True
ab42_l86_s453481_mpnn1,6SHS,20.933739825581394,0.16,64.86872093023256,True
ab42_l86_s453481_mpnn3,6SHS,20.723488372093023,0.17,65.60360465116278,True
ab42_l86_s857331_mpnn12,6SHS,21.946578972868217,0.15,67.2496511627907,True
ab42_l86_s857331_mpnn4,6SHS,23.266059593023254,0.13,62.910930232558144,True
ab42_l87_s716952_mpnn20,6SHS,22.2136872605364,0.14,58.43701149425287,True
ab42_l89_s578974_mpnn11,6SHS,21.481475187265918,0.17,67.57269662921348,True
ab42_l89_s878084_mpnn3,6SHS,21.676692883895132,0.16,68.87101123595505,True
ab42_l89_s878084_mpnn4,6SHS,21.080281367041202,0.17,70.6996629213483,True
ab42_l90_s311742_mpnn16,6SHS,21.394706944444444,0.17,65.51588888888888,True
ab42_l90_s311742_mpnn3,6SHS,22.103920833333333,0.15,60.457111111111104,True
ab42_l90_s822708_mpnn14,6SHS,21.546735648148147,0.16,65.52955555555556,True
ab42_l90_s822708_mpnn7,6SHS,21.596481481481483,0.16,65.06533333333333,True
ab42_l60_s103118_mpnn17,1IYT,18.993257936507938,0.14,78.1511666666667,True
ab42_l60_s837308_mpnn3,1IYT,17.574890873015875,0.15,76.06199999999998,True
ab42_l60_s837308_mpnn6,1IYT,18.368238095238098,0.14,77.37333333333335,True
ab42_l61_s766115_mpnn9,1IYT,15.972158469945354,0.22,62.716885245901636,True
ab42_l62_s95406_mpnn2,1IYT,17.988677035330262,0.16,78.62596774193551,True
ab42_l63_s289797_mpnn2,1IYT,18.45118102796674,0.14,72.691746031746,True
ab42_l63_s289797_mpnn5,1IYT,18.324026832955404,0.15,72.5331746031746,True
ab42_l63_s794643_mpnn1,1IYT,20.65010582010582,0.1,48.14380952380952,True
ab42_l63_s794643_mpnn3,1IYT,21.30736394557823,0.09,46.350476190476186,True
ab42_l65_s496499_mpnn3,1IYT,18.07651465201465,0.16,76.96646153846153,True
ab42_l67_s707813_mpnn1,1IYT,19.171695095948824,0.14,66.52343283582088,True
ab42_l67_s707813_mpnn2,1IYT,19.222762970859986,0.14,65.41671641791044,True
ab42_l68_s311665_mpnn6,1IYT,18.484586834733896,0.16,71.41558823529412,True
ab42_l70_s313438_mpnn2,1IYT,18.264447278911568,0.17,72.60628571428569,True
ab42_l70_s313438_mpnn5,1IYT,18.19391836734694,0.17,71.78599999999999,True
ab42_l70_s557298_mpnn12,1IYT,18.182343537414965,0.17,54.085857142857144,True
ab42_l70_s71039_mpnn1,1IYT,18.436197278911568,0.16,67.71857142857144,True
ab42_l70_s71039_mpnn5,1IYT,18.77090306122449,0.15,67.62085714285716,True
ab42_l70_s944140_mpnn10,1IYT,18.249535714285717,0.17,79.54885714285714,True
ab42_l70_s944140_mpnn3,1IYT,18.27356462585034,0.17,79.913,True
ab42_l71_s843399_mpnn18,1IYT,19.00737089201878,0.16,75.86014084507045,True
ab42_l72_s817651_mpnn15,1IYT,18.94619543650794,0.16,78.34041666666667,True
ab42_l72_s817651_mpnn19,1IYT,18.9011789021164,0.16,78.86583333333334,True
ab42_l76_s254619_mpnn6,1IYT,19.163151629072683,0.14,62.90276315789473,True
ab42_l76_s642149_mpnn3,1IYT,17.838875313283207,0.19,69.85184210526317,True
ab42_l76_s642149_mpnn5,1IYT,18.374791666666667,0.19,69.7696052631579,True
ab42_l77_s306498_mpnn13,1IYT,19.712849412492268,0.13,79.28246753246755,True
ab42_l77_s306498_mpnn16,1IYT,19.41194650587508,0.14,79.04935064935066,True
ab42_l78_s597404_mpnn16,1IYT,18.12947496947497,0.18,79.685,True
ab42_l78_s597404_mpnn9,1IYT,17.791752136752137,0.18,78.19282051282053,True
ab42_l79_s120913_mpnn1,1IYT,18.57641952983725,0.14,72.49012658227848,True
ab42_l79_s120913_mpnn2,1IYT,18.421865581675707,0.16,72.46734177215188,True
ab42_l79_s867664_mpnn2,1IYT,19.498028933092225,0.14,65.35126582278481,True
ab42_l79_s867664_mpnn5,1IYT,19.265947860156725,0.15,63.79354430379746,True
ab42_l79_s961538_mpnn3,1IYT,17.813096745027124,0.18,76.73506329113926,True
ab42_l79_s961538_mpnn4,1IYT,18.048701024713683,0.18,74.36797468354429,True
ab42_l80_s980366_mpnn2,1IYT,19.92846428571429,0.13,73.688625,True
ab42_l81_s65308_mpnn1,1IYT,20.418915343915348,0.13,63.82444444444445,True
ab42_l81_s65308_mpnn6,1IYT,20.599506172839508,0.14,62.634197530864206,True
ab42_l82_s480128_mpnn13,1IYT,18.808662891986064,0.16,76.45439024390244,True
ab42_l82_s480128_mpnn17,1IYT,18.49071138211382,0.18,77.60695121951218,True
ab42_l82_s946181_mpnn6,1IYT,18.815547328687572,0.16,67.60817073170732,True
ab42_l82_s946181_mpnn9,1IYT,19.126925087108017,0.16,67.19268292682926,True
ab42_l82_s967366_mpnn11,1IYT,18.185503774680605,0.19,80.85451219512197,True
ab42_l84_s31762_mpnn5,1IYT,20.284581916099775,0.13,71.90880952380954,True
ab42_l84_s443975_mpnn10,1IYT,18.99248441043084,0.17,69.76428571428572,True
ab42_l84_s443975_mpnn2,1IYT,19.108136337868483,0.17,69.67738095238096,True
ab42_l85_s228379_mpnn6,1IYT,19.588100840336136,0.16,62.18470588235295,True
ab42_l85_s230267_mpnn3,1IYT,20.871030812324932,0.14,71.44800000000002,True
ab42_l85_s230267_mpnn4,1IYT,20.946259103641452,0.13,69.81976470588235,True
ab42_l86_s453481_mpnn1,1IYT,19.305341915836102,0.16,73.9139534883721,True
ab42_l86_s453481_mpnn3,1IYT,18.719725913621264,0.17,79.03604651162792,True
ab42_l86_s857331_mpnn12,1IYT,18.570348837209306,0.2,81.5532558139535,True
ab42_l86_s857331_mpnn4,1IYT,19.12563676633444,0.16,74.86941860465117,True
ab42_l87_s716952_mpnn20,1IYT,19.565829228243018,0.15,69.55195402298851,True
ab42_l89_s578974_mpnn11,1IYT,19.06323970037453,0.18,74.53011235955057,True
ab42_l89_s878084_mpnn3,1IYT,18.599490369181378,0.17,77.91955056179776,True
ab42_l89_s878084_mpnn4,1IYT,18.475670144462278,0.18,80.54382022471911,True
ab42_l90_s311742_mpnn16,1IYT,20.24468783068783,0.15,74.79811111111111,True
ab42_l90_s311742_mpnn3,1IYT,20.680402116402117,0.14,71.31588888888889,True
ab42_l90_s822708_mpnn14,1IYT,18.503251322751325,0.18,72.92777777777776,True
ab42_l90_s822708_mpnn7,1IYT,18.996306878306882,0.16,70.98311111111111,True
ab42_l60_s103118_mpnn17,Ab40_monomer,18.5729875,0.15,78.14900000000003,True
ab42_l60_s837308_mpnn3,Ab40_monomer,17.4853375,0.15,75.21300000000001,True
ab42_l60_s837308_mpnn6,Ab40_monomer,18.30885,0.14,78.04533333333333,True
ab42_l61_s766115_mpnn9,Ab40_monomer,16.052370901639346,0.21,62.72163934426229,True
ab42_l62_s95406_mpnn2,Ab40_monomer,17.757318548387097,0.16,79.39983870967738,True
ab42_l63_s289797_mpnn2,Ab40_monomer,17.815855158730155,0.15,72.7447619047619,True
ab42_l63_s289797_mpnn5,Ab40_monomer,17.921867063492062,0.16,72.60365079365079,True
ab42_l63_s794643_mpnn1,Ab40_monomer,20.603952380952382,0.1,47.25507936507936,True
ab42_l63_s794643_mpnn3,Ab40_monomer,20.590950396825395,0.1,47.546984126984135,True
ab42_l65_s496499_mpnn3,Ab40_monomer,17.937361538461538,0.16,77.74523076923077,True
ab42_l67_s707813_mpnn1,Ab40_monomer,19.07001679104478,0.14,67.03328358208955,True
ab42_l67_s707813_mpnn2,Ab40_monomer,19.267589552238807,0.14,64.92507462686568,True
ab42_l68_s311665_mpnn6,Ab40_monomer,18.756944852941178,0.15,69.39588235294117,True
ab42_l70_s313438_mpnn2,Ab40_monomer,17.497519642857142,0.19,73.10357142857143,True
ab42_l70_s313438_mpnn5,Ab40_monomer,18.266221428571427,0.17,71.01657142857141,True
ab42_l70_s557298_mpnn12,Ab40_monomer,18.757617857142858,0.15,54.01828571428573,True
ab42_l70_s71039_mpnn1,Ab40_monomer,18.283010714285712,0.16,68.31342857142856,True
ab42_l70_s71039_mpnn5,Ab40_monomer,18.322857142857142,0.16,68.84014285714287,True
ab42_l70_s944140_mpnn10,Ab40_monomer,18.090567857142855,0.17,79.61028571428571,True
ab42_l70_s944140_mpnn3,Ab40_monomer,17.838182142857143,0.18,80.52842857142856,True
ab42_l71_s843399_mpnn18,Ab40_monomer,18.71453873239437,0.16,76.47887323943662,True
ab42_l72_s817651_mpnn15,Ab40_monomer,18.862946180555557,0.16,77.93944444444445,True
ab42_l72_s817651_mpnn19,Ab40_monomer,19.06351736111111,0.16,78.53458333333333,True
ab42_l76_s254619_mpnn6,Ab40_monomer,19.930651315789472,0.12,60.71447368421053,True
ab42_l76_s642149_mpnn3,Ab40_monomer,18.407636513157893,0.17,69.8528947368421,True
ab42_l76_s642149_mpnn5,Ab40_monomer,18.585914473684213,0.17,69.75144736842105,True
ab42_l77_s306498_mpnn13,Ab40_monomer,19.255422077922077,0.13,80.01311688311688,True
ab42_l77_s306498_mpnn16,Ab40_monomer,19.06061850649351,0.13,79.6990909090909,True
ab42_l78_s597404_mpnn16,Ab40_monomer,18.204830128205128,0.17,79.13282051282053,True
ab42_l78_s597404_mpnn9,Ab40_monomer,18.180495192307692,0.17,78.35871794871794,True
ab42_l79_s120913_mpnn1,Ab40_monomer,19.086759493670886,0.13,72.62303797468353,True
ab42_l79_s120913_mpnn2,Ab40_monomer,18.47327056962025,0.16,73.33468354430377,True
ab42_l79_s867664_mpnn2,Ab40_monomer,19.519696202531648,0.14,66.16924050632912,True
ab42_l79_s867664_mpnn5,Ab40_monomer,19.11239082278481,0.15,65.09341772151896,True
ab42_l79_s961538_mpnn3,Ab40_monomer,17.477455696202533,0.18,77.65417721518988,True
ab42_l79_s961538_mpnn4,Ab40_monomer,17.800493670886077,0.18,75.06518987341772,True
ab42_l80_s980366_mpnn2,Ab40_monomer,19.4594390625,0.14,73.56275000000001,True
ab42_l81_s65308_mpnn1,Ab40_monomer,20.49831327160494,0.13,64.89419753086419,True
ab42_l81_s65308_mpnn6,Ab40_monomer,20.517216049382714,0.13,62.46530864197531,True
ab42_l82_s480128_mpnn13,Ab40_monomer,19.75783231707317,0.14,72.32085365853659,True
ab42_l82_s480128_mpnn17,Ab40_monomer,18.95629420731707,0.16,78.05585365853659,True
ab42_l82_s946181_mpnn6,Ab40_monomer,18.972091463414632,0.15,67.36536585365853,True
ab42_l82_s946181_mpnn9,Ab40_monomer,19.145123475609754,0.15,65.49597560975609,True
ab42_l82_s967366_mpnn11,Ab40_monomer,18.154490853658537,0.2,80.99451219512194,True
ab42_l84_s31762_mpnn5,Ab40_monomer,20.78657738095238,0.12,71.43654761904763,True
ab42_l84_s443975_mpnn10,Ab40_monomer,18.985968749999998,0.17,69.54809523809523,True
ab42_l84_s443975_mpnn2,Ab40_monomer,17.994578869047615,0.19,69.50571428571429,True
ab42_l85_s228379_mpnn6,Ab40_monomer,19.680214705882356,0.15,65.48764705882354,True
ab42_l85_s230267_mpnn3,Ab40_monomer,20.219311764705882,0.14,69.88035294117645,True
ab42_l85_s230267_mpnn4,Ab40_monomer,20.874860294117646,0.13,69.69988235294117,True
ab42_l86_s453481_mpnn1,Ab40_monomer,19.34173546511628,0.15,74.82000000000001,True
ab42_l86_s453481_mpnn3,Ab40_monomer,18.63760610465116,0.17,80.2332558139535,True
ab42_l86_s857331_mpnn12,Ab40_monomer,18.333270348837207,0.19,80.64953488372093,True
ab42_l86_s857331_mpnn4,Ab40_monomer,19.327572674418608,0.16,75.96093023255816,True
ab42_l87_s716952_mpnn20,Ab40_monomer,20.052364942528733,0.14,70.14632183908044,True
ab42_l89_s578974_mpnn11,Ab40_monomer,18.996300561797753,0.17,74.75595505617977,True
ab42_l89_s878084_mpnn3,Ab40_monomer,18.517470505617975,0.16,77.75707865168542,True
ab42_l89_s878084_mpnn4,Ab40_monomer,18.514349719101123,0.18,80.12202247191011,True
ab42_l90_s311742_mpnn16,Ab40_monomer,20.208966666666665,0.14,74.82233333333333,True
ab42_l90_s311742_mpnn3,Ab40_monomer,20.695951388888886,0.14,71.21677777777776,True
ab42_l90_s822708_mpnn14,Ab40_monomer,17.731006944444445,0.2,72.6787777777778,True
ab42_l90_s822708_mpnn7,Ab40_monomer,18.4874875,0.18,70.68988888888887,True
