design_id,pae_9CO4,pae_9CKI,pae_9CK6,pae_7Q4B,pae_7Q4M,pae_6SHS,pae_1IYT,pae_Ab40_monomer,iptm_9CO4,iptm_9CKI,iptm_9CK6,iptm_7Q4B,iptm_7Q4M,iptm_6SHS,iptm_1IYT,iptm_Ab40_monomer,pass_positive,pass_all_negative,pass_stage3
ab42_l60_s103118_mpnn17,22.16,22.14,21.77,22.13,21.36,21.69,18.99,18.57,0.1100,0.1100,0.1200,0.1100,0.1200,0.1400,0.1400,0.1500,False,True,False
ab42_l60_s837308_mpnn3,20.24,20.27,20.25,20.25,18.91,20.45,17.57,17.49,0.1500,0.1500,0.1500,0.1500,0.1700,0.1500,0.1500,0.1500,False,True,False
ab42_l60_s837308_mpnn6,20.87,20.84,20.85,20.87,19.94,20.33,18.37,18.31,0.1300,0.1400,0.1300,0.1300,0.1500,0.1600,0.1400,0.1400,False,True,False
ab42_l61_s766115_mpnn9,21.17,21.17,21.12,21.18,20.64,21.32,15.97,16.05,0.1300,0.1300,0.1300,0.1300,0.1300,0.1400,0.2200,0.2100,False,True,False
ab42_l62_s95406_mpnn2,20.46,20.06,20.06,20.02,20.03,20.05,17.99,17.76,0.1300,0.1400,0.1400,0.1400,0.1500,0.1700,0.1600,0.1600,False,True,False
ab42_l63_s289797_mpnn2,20.99,20.99,20.98,21.00,20.62,21.43,18.45,17.82,0.1400,0.1400,0.1400,0.1400,0.1400,0.1400,0.1400,0.1500,False,True,False
ab42_l63_s289797_mpnn5,20.74,20.97,21.03,20.74,20.27,20.80,18.32,17.92,0.1400,0.1300,0.1300,0.1400,0.1400,0.1500,0.1500,0.1600,False,True,False
ab42_l63_s794643_mpnn1,23.17,23.09,22.94,23.11,22.74,22.96,20.65,20.60,0.1000,0.1000,0.1000,0.1000,0.1000,0.1200,0.1000,0.1000,False,True,False
ab42_l63_s794643_mpnn3,23.14,23.02,23.03,23.14,22.90,23.36,21.31,20.59,0.1000,0.1000,0.1000,0.1000,0.1000,0.1100,0.0900,0.1000,False,True,False
ab42_l65_s496499_mpnn3,21.57,21.64,21.62,21.64,20.45,21.12,18.08,17.94,0.1300,0.1300,0.1300,0.1200,0.1400,0.1500,0.1600,0.1600,False,True,False
ab42_l67_s707813_mpnn1,21.64,21.65,21.65,21.66,21.41,22.05,19.17,19.07,0.1300,0.1300,0.1300,0.1300,0.1400,0.1400,0.1400,0.1400,False,True,False
ab42_l67_s707813_mpnn2,21.63,21.60,21.60,21.64,21.38,21.81,19.22,19.27,0.1300,0.1300,0.1300,0.1300,0.1400,0.1500,0.1400,0.1400,False,True,False
ab42_l68_s311665_mpnn6,21.24,21.38,21.68,21.33,20.75,21.00,18.48,18.76,0.1400,0.1400,0.1200,0.1400,0.1300,0.1500,0.1600,0.1500,False,True,False
ab42_l70_s313438_mpnn2,21.39,21.45,21.35,21.39,21.16,20.98,18.26,17.50,0.1300,0.1300,0.1300,0.1300,0.1300,0.1500,0.1700,0.1900,False,True,False
ab42_l70_s313438_mpnn5,21.27,21.36,21.49,21.27,21.09,21.95,18.19,18.27,0.1300,0.1300,0.1300,0.1300,0.1400,0.1300,0.1700,0.1700,False,True,False
ab42_l70_s557298_mpnn12,21.22,21.14,21.39,21.22,22.23,21.97,18.18,18.76,0.1200,0.1200,0.1200,0.1200,0.1100,0.1300,0.1700,0.1500,False,True,False
ab42_l70_s71039_mpnn1,20.79,20.79,20.84,20.79,20.28,20.96,18.44,18.28,0.1400,0.1400,0.1400,0.1400,0.1500,0.1600,0.1600,0.1600,False,True,False
ab42_l70_s71039_mpnn5,21.07,21.02,21.06,21.07,20.89,21.19,18.77,18.32,0.1400,0.1400,0.1400,0.1400,0.1400,0.1400,0.1500,0.1600,False,True,False
ab42_l70_s944140_mpnn10,21.10,21.39,21.25,21.10,20.56,20.89,18.25,18.09,0.1300,0.1300,0.1300,0.1300,0.1500,0.1800,0.1700,0.1700,False,True,False
ab42_l70_s944140_mpnn3,20.29,20.36,20.40,20.29,20.50,20.07,18.27,17.84,0.1600,0.1500,0.1500,0.1600,0.1500,0.1900,0.1700,0.1800,False,True,False
ab42_l71_s843399_mpnn18,21.20,21.20,21.24,21.24,20.69,21.14,19.01,18.71,0.1500,0.1500,0.1500,0.1500,0.1500,0.1600,0.1600,0.1600,False,True,False
ab42_l72_s817651_mpnn15,20.88,20.88,20.88,20.88,20.88,20.71,18.95,18.86,0.1400,0.1400,0.1400,0.1400,0.1400,0.1700,0.1600,0.1600,False,True,False
ab42_l72_s817651_mpnn19,20.79,20.79,20.79,20.84,20.92,20.42,18.90,19.06,0.1400,0.1400,0.1400,0.1400,0.1400,0.1700,0.1600,0.1600,False,True,False
ab42_l76_s254619_mpnn6,21.80,21.74,21.72,21.76,21.25,22.25,19.16,19.93,0.1200,0.1200,0.1200,0.1200,0.1500,0.1300,0.1400,0.1200,False,True,False
ab42_l76_s642149_mpnn3,21.11,21.12,21.03,21.13,20.40,21.81,17.84,18.41,0.1500,0.1500,0.1500,0.1500,0.1800,0.1600,0.1900,0.1700,False,True,False
ab42_l76_s642149_mpnn5,20.83,21.27,21.06,21.39,20.87,21.54,18.37,18.59,0.1500,0.1300,0.1400,0.1300,0.1600,0.1700,0.1900,0.1700,False,True,False
ab42_l77_s306498_mpnn13,19.34,19.34,19.36,19.34,19.58,21.68,19.71,19.26,0.1900,0.1900,0.1900,0.1900,0.1800,0.1400,0.1300,0.1300,False,True,False
ab42_l77_s306498_mpnn16,21.34,21.34,21.35,21.34,19.42,21.45,19.41,19.06,0.1500,0.1500,0.1500,0.1500,0.1800,0.1400,0.1400,0.1300,False,True,False
ab42_l78_s597404_mpnn16,21.39,21.40,21.39,21.39,20.81,20.66,18.13,18.20,0.1400,0.1400,0.1400,0.1400,0.1500,0.1800,0.1800,0.1700,False,True,False
ab42_l78_s597404_mpnn9,20.71,21.12,20.71,20.71,20.41,20.61,17.79,18.18,0.1500,0.1500,0.1500,0.1500,0.1600,0.1800,0.1800,0.1700,False,True,False
ab42_l79_s120913_mpnn1,21.33,21.33,21.33,21.36,20.74,21.67,18.58,19.09,0.1300,0.1300,0.1300,0.1300,0.1500,0.1500,0.1400,0.1300,False,True,False
ab42_l79_s120913_mpnn2,21.05,21.05,21.05,21.21,21.36,21.49,18.42,18.47,0.1400,0.1400,0.1400,0.1400,0.1300,0.1500,0.1600,0.1600,False,True,False
ab42_l79_s867664_mpnn2,21.60,21.60,21.60,21.58,21.00,22.12,19.50,19.52,0.1200,0.1200,0.1200,0.1200,0.1400,0.1300,0.1400,0.1400,False,True,False
ab42_l79_s867664_mpnn5,21.91,21.91,21.91,21.89,21.31,21.77,19.27,19.11,0.1200,0.1200,0.1200,0.1200,0.1400,0.1500,0.1500,0.1500,False,True,False
ab42_l79_s961538_mpnn3,20.86,20.86,20.86,20.82,20.30,21.11,17.81,17.48,0.1400,0.1400,0.1400,0.1400,0.1500,0.1600,0.1800,0.1800,False,True,False
ab42_l79_s961538_mpnn4,21.87,21.87,21.87,21.85,20.70,22.23,18.05,17.80,0.1200,0.1200,0.1200,0.1200,0.1400,0.1400,0.1800,0.1800,False,True,False
ab42_l80_s980366_mpnn2,21.70,21.70,21.70,21.70,20.85,22.14,19.93,19.46,0.1300,0.1300,0.1300,0.1300,0.1500,0.1300,0.1300,0.1400,False,True,False
ab42_l81_s65308_mpnn1,22.53,22.54,22.54,22.54,21.81,22.37,20.42,20.50,0.1200,0.1200,0.1200,0.1200,0.1300,0.1300,0.1300,0.1300,False,True,False
ab42_l81_s65308_mpnn6,22.37,22.31,22.18,22.18,21.55,22.32,20.60,20.52,0.1200,0.1200,0.1200,0.1200,0.1300,0.1300,0.1400,0.1300,False,True,False
ab42_l82_s480128_mpnn13,21.76,21.82,21.79,21.75,21.49,21.79,18.81,19.76,0.1500,0.1500,0.1500,0.1500,0.1400,0.1600,0.1600,0.1400,False,True,False
ab42_l82_s480128_mpnn17,20.94,20.98,20.94,20.93,20.96,21.13,18.49,18.96,0.1600,0.1600,0.1600,0.1600,0.1500,0.1600,0.1800,0.1600,False,True,False
ab42_l82_s946181_mpnn6,21.54,21.38,21.24,21.39,20.70,21.19,18.82,18.97,0.1400,0.1400,0.1400,0.1400,0.1500,0.1600,0.1600,0.1500,False,True,False
ab42_l82_s946181_mpnn9,21.60,21.77,21.65,21.59,20.70,21.30,19.13,19.15,0.1400,0.1400,0.1400,0.1500,0.1500,0.1600,0.1600,0.1500,False,True,False
ab42_l82_s967366_mpnn11,21.10,21.12,21.10,21.13,20.32,20.78,18.19,18.15,0.1400,0.1400,0.1400,0.1400,0.1700,0.1700,0.1900,0.2000,False,True,False
ab42_l84_s31762_mpnn5,22.93,22.74,22.92,22.93,20.88,22.79,20.28,20.79,0.1200,0.1200,0.1200,0.1200,0.1700,0.1300,0.1300,0.1200,False,True,False
ab42_l84_s443975_mpnn10,21.52,21.39,21.53,21.52,20.85,21.64,18.99,18.99,0.1400,0.1500,0.1400,0.1400,0.1500,0.1600,0.1700,0.1700,False,True,False
ab42_l84_s443975_mpnn2,21.37,20.86,21.34,21.37,20.89,21.54,19.11,17.99,0.1500,0.1600,0.1500,0.1500,0.1500,0.1600,0.1700,0.1900,False,True,False
ab42_l85_s228379_mpnn6,22.13,22.14,22.13,22.13,21.73,21.85,19.59,19.68,0.1400,0.1400,0.1400,0.1400,0.1300,0.1500,0.1600,0.1500,False,True,False
ab42_l85_s230267_mpnn3,21.81,21.85,21.81,21.81,21.69,21.78,20.87,20.22,0.1400,0.1400,0.1400,0.1400,0.1500,0.1600,0.1400,0.1400,False,True,False
ab42_l85_s230267_mpnn4,22.33,22.30,22.33,22.33,21.99,21.85,20.95,20.87,0.1300,0.1300,0.1300,0.1300,0.1400,0.1600,0.1300,0.1300,False,True,False
ab42_l86_s453481_mpnn1,21.30,21.30,21.14,21.18,20.91,20.93,19.31,19.34,0.1400,0.1400,0.1400,0.1400,0.1500,0.1600,0.1600,0.1500,False,True,False
ab42_l86_s453481_mpnn3,21.19,21.19,20.85,20.84,20.91,20.72,18.72,18.64,0.1400,0.1400,0.1500,0.1500,0.1500,0.1700,0.1700,0.1700,False,True,False
ab42_l86_s857331_mpnn12,22.41,22.41,22.55,22.76,21.69,21.95,18.57,18.33,0.1200,0.1200,0.1200,0.1200,0.1400,0.1500,0.2000,0.1900,False,True,False
ab42_l86_s857331_mpnn4,23.12,23.12,23.22,23.13,22.35,23.27,19.13,19.33,0.1100,0.1100,0.1100,0.1200,0.1200,0.1300,0.1600,0.1600,False,True,False
ab42_l87_s716952_mpnn20,22.32,22.35,22.35,22.35,21.69,22.21,19.57,20.05,0.1200,0.1200,0.1200,0.1200,0.1300,0.1400,0.1500,0.1400,False,True,False
ab42_l89_s578974_mpnn11,21.52,21.52,21.54,21.52,21.06,21.48,19.06,19.00,0.1400,0.1400,0.1400,0.1400,0.1600,0.1700,0.1800,0.1700,False,True,False
ab42_l89_s878084_mpnn3,21.89,21.92,21.92,21.89,20.76,21.68,18.60,18.52,0.1300,0.1300,0.1300,0.1300,0.1600,0.1600,0.1700,0.1600,False,True,False
ab42_l89_s878084_mpnn4,21.62,21.66,21.67,21.62,20.60,21.08,18.48,18.51,0.1400,0.1400,0.1400,0.1400,0.1600,0.1700,0.1800,0.1800,False,True,False
ab42_l90_s311742_mpnn16,21.45,21.45,21.45,21.43,21.44,21.39,20.24,20.21,0.1500,0.1500,0.1500,0.1500,0.1500,0.1700,0.1500,0.1400,False,True,False
ab42_l90_s311742_mpnn3,21.79,21.79,21.79,21.79,22.00,22.10,20.68,20.70,0.1400,0.1400,0.1400,0.1400,0.1400,0.1500,0.1400,0.1400,False,True,False
ab42_l90_s822708_mpnn14,21.90,21.90,21.90,21.90,20.40,21.55,18.50,17.73,0.1500,0.1500,0.1500,0.1500,0.1700,0.1600,0.1800,0.2000,False,True,False
ab42_l90_s822708_mpnn7,21.57,21.57,21.57,21.57,21.41,21.60,19.00,18.49,0.1500,0.1500,0.1500,0.1500,0.1500,0.1600,0.1600,0.1800,False,True,False
